--
-- PostgreSQL database dump
--

-- Dumped from database version 14.6
-- Dumped by pg_dump version 14.6

SET statement_timeout = 0;
SET lock_timeout = 0;
SET idle_in_transaction_session_timeout = 0;
SET client_encoding = 'UTF8';
SET standard_conforming_strings = on;
SELECT pg_catalog.set_config('search_path', '', false);
SET check_function_bodies = false;
SET xmloption = content;
SET client_min_messages = warning;
SET row_security = off;

SET default_tablespace = '';

SET default_table_access_method = heap;

--
-- Name: agendamento; Type: TABLE; Schema: public; Owner: postgres
--

CREATE TABLE public.agendamento (
    id integer NOT NULL,
    idcliente integer,
    datahoradoagendamento timestamp without time zone,
    statusdoagendamento character varying(20),
    horaagendamento character varying(20),
    mensagem character varying(255)
);


ALTER TABLE public.agendamento OWNER TO postgres;

--
-- Name: agendamento_id_seq; Type: SEQUENCE; Schema: public; Owner: postgres
--

CREATE SEQUENCE public.agendamento_id_seq
    AS integer
    START WITH 1
    INCREMENT BY 1
    NO MINVALUE
    NO MAXVALUE
    CACHE 1;


ALTER TABLE public.agendamento_id_seq OWNER TO postgres;

--
-- Name: agendamento_id_seq; Type: SEQUENCE OWNED BY; Schema: public; Owner: postgres
--

ALTER SEQUENCE public.agendamento_id_seq OWNED BY public.agendamento.id;


--
-- Name: avaliacoesfisicas; Type: TABLE; Schema: public; Owner: postgres
--

CREATE TABLE public.avaliacoesfisicas (
    id integer NOT NULL,
    idcliente integer,
    dataavaliacao date,
    peso numeric(5,2),
    altura numeric(5,2),
    circunferenciaabdomen numeric(5,2),
    porcentagemgordura numeric(5,2),
    massamuscular numeric(5,2),
    objetivos text,
    circunferenciatriceptal numeric(5,2),
    circunferenciasuprailiaca numeric(5,2),
    pesoemgordura numeric(5,2),
    imc numeric(5,2)
);


ALTER TABLE public.avaliacoesfisicas OWNER TO postgres;

--
-- Name: avaliacoesfisicas_id_seq; Type: SEQUENCE; Schema: public; Owner: postgres
--

CREATE SEQUENCE public.avaliacoesfisicas_id_seq
    AS integer
    START WITH 1
    INCREMENT BY 1
    NO MINVALUE
    NO MAXVALUE
    CACHE 1;


ALTER TABLE public.avaliacoesfisicas_id_seq OWNER TO postgres;

--
-- Name: avaliacoesfisicas_id_seq; Type: SEQUENCE OWNED BY; Schema: public; Owner: postgres
--

ALTER SEQUENCE public.avaliacoesfisicas_id_seq OWNED BY public.avaliacoesfisicas.id;


--
-- Name: clientes; Type: TABLE; Schema: public; Owner: postgres
--

CREATE TABLE public.clientes (
    id integer NOT NULL,
    nome character varying(255) NOT NULL,
    sobrenome character varying(255) NOT NULL,
    datanascimento timestamp without time zone,
    endereco text,
    numerotelefone character varying(20),
    email character varying(255),
    dataingresso timestamp without time zone
);


ALTER TABLE public.clientes OWNER TO postgres;

--
-- Name: clientes_id_seq; Type: SEQUENCE; Schema: public; Owner: postgres
--

CREATE SEQUENCE public.clientes_id_seq
    AS integer
    START WITH 1
    INCREMENT BY 1
    NO MINVALUE
    NO MAXVALUE
    CACHE 1;


ALTER TABLE public.clientes_id_seq OWNER TO postgres;

--
-- Name: clientes_id_seq; Type: SEQUENCE OWNED BY; Schema: public; Owner: postgres
--

ALTER SEQUENCE public.clientes_id_seq OWNED BY public.clientes.id;


--
-- Name: exercicio; Type: TABLE; Schema: public; Owner: postgres
--

CREATE TABLE public.exercicio (
    id integer NOT NULL,
    nome character varying(255),
    grupomuscular character varying(255),
    intensidade character varying(255),
    imagem_exercicio bytea
);


ALTER TABLE public.exercicio OWNER TO postgres;

--
-- Name: exercicio_id_seq; Type: SEQUENCE; Schema: public; Owner: postgres
--

CREATE SEQUENCE public.exercicio_id_seq
    AS integer
    START WITH 1
    INCREMENT BY 1
    NO MINVALUE
    NO MAXVALUE
    CACHE 1;


ALTER TABLE public.exercicio_id_seq OWNER TO postgres;

--
-- Name: exercicio_id_seq; Type: SEQUENCE OWNED BY; Schema: public; Owner: postgres
--

ALTER SEQUENCE public.exercicio_id_seq OWNED BY public.exercicio.id;


--
-- Name: planodetreino; Type: TABLE; Schema: public; Owner: postgres
--

CREATE TABLE public.planodetreino (
    id integer NOT NULL,
    exercicioid integer,
    series integer,
    repeticoes integer,
    nome_exercicio character varying(100),
    idcliente integer,
    iddotreino integer
);


ALTER TABLE public.planodetreino OWNER TO postgres;

--
-- Name: planodetreino_id_seq; Type: SEQUENCE; Schema: public; Owner: postgres
--

CREATE SEQUENCE public.planodetreino_id_seq
    AS integer
    START WITH 1
    INCREMENT BY 1
    NO MINVALUE
    NO MAXVALUE
    CACHE 1;


ALTER TABLE public.planodetreino_id_seq OWNER TO postgres;

--
-- Name: planodetreino_id_seq; Type: SEQUENCE OWNED BY; Schema: public; Owner: postgres
--

ALTER SEQUENCE public.planodetreino_id_seq OWNED BY public.planodetreino.id;


--
-- Name: usuarios; Type: TABLE; Schema: public; Owner: postgres
--

CREATE TABLE public.usuarios (
    id integer NOT NULL,
    nomeusuario character varying(255) NOT NULL,
    senha character varying(255) NOT NULL,
    nivelacesso character varying(20) NOT NULL
);


ALTER TABLE public.usuarios OWNER TO postgres;

--
-- Name: usuarios_id_seq; Type: SEQUENCE; Schema: public; Owner: postgres
--

CREATE SEQUENCE public.usuarios_id_seq
    AS integer
    START WITH 1
    INCREMENT BY 1
    NO MINVALUE
    NO MAXVALUE
    CACHE 1;


ALTER TABLE public.usuarios_id_seq OWNER TO postgres;

--
-- Name: usuarios_id_seq; Type: SEQUENCE OWNED BY; Schema: public; Owner: postgres
--

ALTER SEQUENCE public.usuarios_id_seq OWNED BY public.usuarios.id;


--
-- Name: agendamento id; Type: DEFAULT; Schema: public; Owner: postgres
--

ALTER TABLE ONLY public.agendamento ALTER COLUMN id SET DEFAULT nextval('public.agendamento_id_seq'::regclass);


--
-- Name: avaliacoesfisicas id; Type: DEFAULT; Schema: public; Owner: postgres
--

ALTER TABLE ONLY public.avaliacoesfisicas ALTER COLUMN id SET DEFAULT nextval('public.avaliacoesfisicas_id_seq'::regclass);


--
-- Name: clientes id; Type: DEFAULT; Schema: public; Owner: postgres
--

ALTER TABLE ONLY public.clientes ALTER COLUMN id SET DEFAULT nextval('public.clientes_id_seq'::regclass);


--
-- Name: exercicio id; Type: DEFAULT; Schema: public; Owner: postgres
--

ALTER TABLE ONLY public.exercicio ALTER COLUMN id SET DEFAULT nextval('public.exercicio_id_seq'::regclass);


--
-- Name: planodetreino id; Type: DEFAULT; Schema: public; Owner: postgres
--

ALTER TABLE ONLY public.planodetreino ALTER COLUMN id SET DEFAULT nextval('public.planodetreino_id_seq'::regclass);


--
-- Name: usuarios id; Type: DEFAULT; Schema: public; Owner: postgres
--

ALTER TABLE ONLY public.usuarios ALTER COLUMN id SET DEFAULT nextval('public.usuarios_id_seq'::regclass);


--
-- Data for Name: agendamento; Type: TABLE DATA; Schema: public; Owner: postgres
--

COPY public.agendamento (id, idcliente, datahoradoagendamento, statusdoagendamento, horaagendamento, mensagem) FROM stdin;
1	1	2023-09-30 00:00:00	Agendado	\N	\N
2	1	2023-09-30 01:11:41.852	Agendado	\N	\N
3	1	2023-09-30 01:11:41.852	Agendado	\N	\N
6	11	2023-10-30 00:00:00	Realizado	17:30	
7	11	2023-11-02 00:00:00	Realizado	18:00	
8	11	2023-11-02 00:00:00	Agendado	17:30	
\.


--
-- Data for Name: avaliacoesfisicas; Type: TABLE DATA; Schema: public; Owner: postgres
--

COPY public.avaliacoesfisicas (id, idcliente, dataavaliacao, peso, altura, circunferenciaabdomen, porcentagemgordura, massamuscular, objetivos, circunferenciatriceptal, circunferenciasuprailiaca, pesoemgordura, imc) FROM stdin;
2	1	2023-09-19	70.50	175.00	90.00	20.00	65.00	Perder peso	30.00	25.00	\N	\N
3	1	2023-09-20	65.00	160.00	85.00	18.00	60.00	Ganhar massa muscular	28.00	22.00	\N	\N
4	1	2023-09-21	75.00	180.00	95.00	22.00	70.00	Manter o peso	32.00	28.00	\N	\N
5	1	2023-09-21	100.00	1.90	29.50	21.41	78.59	Perda de peso	21.90	27.60	21.41	27.70
6	1	2023-09-21	100.00	1.90	29.50	21.41	78.59	Perda de peso	21.90	27.60	21.41	27.70
7	11	2023-10-31	39.00	0.80	20.00	11.75	34.42		20.00	20.00	4.58	60.94
8	11	2023-10-31	39.00	0.80	20.00	11.75	34.42		20.00	20.00	4.58	60.94
9	11	2023-10-31	39.00	0.80	20.00	11.75	34.42		20.00	20.00	4.58	60.94
10	11	2023-10-31	39.00	0.80	20.00	11.75	34.42		20.00	20.00	4.58	60.94
11	11	2023-10-31	39.00	0.80	20.00	11.75	34.42		20.00	20.00	4.58	60.94
12	11	2023-10-31	39.00	0.80	20.00	11.75	34.42		20.00	20.00	4.58	60.94
13	11	2023-10-31	39.00	0.80	20.00	11.75	34.42		20.00	20.00	4.58	60.94
14	11	2023-11-01	39.00	0.80	20.00	11.75	34.42		20.00	20.00	4.58	60.94
15	11	2023-11-01	39.00	0.80	20.00	11.75	34.42		20.00	20.00	4.58	60.94
16	11	2023-11-01	150.00	1.90	20.00	11.75	132.38		20.00	20.00	17.62	41.55
17	11	2023-11-01	150.00	1.90	20.00	11.75	132.38		20.00	20.00	17.62	41.55
18	11	2023-11-01	150.00	1.90	20.00	11.75	132.38		20.00	20.00	17.62	41.55
19	11	2023-11-01	150.00	1.90	20.00	11.75	132.38		20.00	20.00	17.62	41.55
20	11	2023-11-01	150.00	1.90	20.00	11.75	132.38		20.00	20.00	17.62	41.55
21	11	2023-11-01	39.00	0.80	20.00	11.75	34.42		20.00	20.00	4.58	60.94
22	11	2023-11-01	150.00	1.90	20.00	11.75	132.38		20.00	20.00	17.62	41.55
23	11	2023-11-01	150.00	1.90	20.00	11.75	132.38		20.00	20.00	17.62	41.55
24	11	2023-11-01	150.00	1.90	20.00	11.75	132.38		20.00	20.00	17.62	41.55
25	11	2023-11-01	150.00	1.90	20.00	11.75	132.38		20.00	20.00	17.62	41.55
26	11	2023-11-01	150.00	1.90	20.00	11.75	132.38		20.00	20.00	17.62	41.55
27	11	2023-11-01	150.00	1.90	118.00	47.36	78.96		45.00	19.00	71.04	41.55
28	11	2023-11-01	150.00	1.90	118.00	47.36	78.96		45.00	19.00	71.04	41.55
29	11	2023-11-01	80.00	1.80	90.00	25.76	59.39		8.00	10.00	20.61	24.69
30	11	2023-11-01	80.00	1.80	90.00	25.76	59.39		8.00	10.00	20.61	24.69
31	11	2023-11-01	80.00	1.80	90.00	73.21	21.44		8.00	10.00	58.56	24.69
32	11	2023-11-02	39.00	0.80	20.00	0.19	38.93		0.20	0.20	0.07	60.94
33	11	2023-11-02	39.00	0.80	20.00	0.19	38.93		0.20	0.20	0.07	60.94
34	11	2023-11-02	39.00	0.80	20.00	0.19	38.93		0.20	0.20	0.07	60.94
35	11	2023-11-02	39.00	0.80	20.00	0.19	38.93		0.20	0.20	0.07	60.94
36	11	2023-11-02	39.00	0.80	20.00	0.19	38.93		0.20	0.20	0.07	60.94
37	11	2023-11-02	39.00	0.80	20.00	0.19	38.93		0.20	0.20	0.07	60.94
38	11	2023-11-06	39.00	0.80	20.00	0.19	38.93		0.20	0.20	0.07	60.94
\.


--
-- Data for Name: clientes; Type: TABLE DATA; Schema: public; Owner: postgres
--

COPY public.clientes (id, nome, sobrenome, datanascimento, endereco, numerotelefone, email, dataingresso) FROM stdin;
14	Angelo 2	Da Silva Travain	1996-10-29 21:03:23	angelo angelo	(33) 33333-3333	angelo angelo	2023-10-25 19:55:07.947401
11	Angelo 5	Angelo 3	2023-10-24 20:03:23.396501	Angelo 4	(48) 49584-9589	Angelo 4	2023-10-25 20:02:06.372751
15	g	s	2023-10-25 20:33:47.475887	s	(22) 22222-2222	s	2023-10-25 20:40:17.245223
18	Angelo 3	da Silva Travain	1996-10-29 01:00:00	angelo@teste.com.br	(44) 99816-0266	angelo@teste.com.br	2023-10-26 12:56:35.426888
1	Angelo 5	da Silva Travain	1996-10-29 02:00:00	angelo@teste.com.br	(44) 99816-0266	angelo@teste.com.br	2023-10-26 13:22:18.127413
10	oih0pihjp0ih	e	2023-10-24 19:56:23.289444	e	(23) 23232-3232	e	2023-11-03 15:26:34.702654
\.


--
-- Data for Name: exercicio; Type: TABLE DATA; Schema: public; Owner: postgres
--

COPY public.exercicio (id, nome, grupomuscular, intensidade, imagem_exercicio) FROM stdin;
4	teste	Peitoral (Peito)	Baixa intensidade	\\x89504e470d0a1a0a0000000d49484452000000e1000000e10803000000096d2248000000017352474200aece1ce90000000467414d410000b18f0bfc61050000008a504c5445ffffff000000fcfcfc4b4b4b8d8d8d444444f9f9f94040404d4d4d8f8f8fdedede484848eaeaea8b8b8be1e1e1454545a6a6a6cecece9e9e9e525252f0f0f0848484bcbcbcb2b2b2272727383838ababab333333bfbfbf696969b5b5b56d6d6dc9c9c91d1d1d6060607c7c7c7e7e7e0e0e0ed6d6d62e2e2e2323239797971717176262625858587474749dbcee1b000010ec49444154785ed59d6b43e23a1086b56a159665b92a28aca8475857fdff7fef007d81ce64269da429b0cf379a149a26996b122e9a26cb47cbfbde603cbf9b4e5ededf2f2f2fdfdf5f26d3bbf978d0bb5f8ef20cf5fe493acbc7f1e7d3ba4d3e9e3ec78fcb0eeef887c8fa8fcfb7688385dbcf5eff1feacde5c70d1e3c8c5f1f7d7cc339d3799ce379e398f7ce7ac47607433c681d868336beefcc18f57ee111ebf3eb0c7b72f68a874bc570866f3e0b3aad099e2b257f5be7d291fd673c527a9ecf41b82e7ee0699ae16681df3915b32a93a53e937bfcd6295884982df1dc9e4ae8f4aff004d5dc7cff6c0d1e66fd65bbdbe9b697fdd9c3a0f533c0acbb3ac57cec98d4c3e4b937ebe20e89ee7def7b85ba5e5e8f2d57f39ff8659de9f3c3d2664c67cb87efeafebcce51fd28ccfee0671556dff7a1efbc3b7bab905a7f8e277246fe013a1d74e31ca1ac3bf03b25af23d46c9847fc9ec86d4d8b72d49be29b441e51ad493a5ff8318155cb2755acb43f3c8dfc6a5ce2fcc62f09cc17a96441b6f8c4770afc46a586f8c6cfb88cd3bedc8e2eacbf1b0c77b435113ae9a517e5f9407358268d79c80ff805ce9f5e336f35eb696d7c408dc48cf1f59c06fa6f47dec36f70c6a890925cb142af51de142dfc0ee32af96bedbee0ab29cfcd9b8b1dd9c17e49a1984a2cf0bd94a7e398fc7d593f26f58deff1a5948f6345a9b30ffc2225a1661ce02b0957cd0fd0031d3156d243696dc4373840e1b110dff2070a6b225917ab250a8f475b72ae92688dfff06565de50765c2493f13f94d5406a60c3c6af8a64f6d76ea230449b330b2be90a319d9f288b441032af478d973072c13bad256e0401d684451882601dd710ebc2b84fa682a211de7a74884a30d54e19612fc8a4284aa401d7c5ed25ce2015748747a14499e1b9eb4d9c3efb9c29e1c6bf31e2cff107df13fb2b11646a22fd0a35027064568d068e161ff3e1dd5599bbe1fc63111ae0cde421ba2558c6bb3199e806fed61768dc0559479937191b18bb69e3b603b173f071b3944de7dd1ec5d6e6e08ea027cc9c2057a4145d56e7946e8d6e4a5695ae9ca0a209c78a8fd483de14c71e5337fae620f84655038e2d1369c95ce3f62a0cc6b32045bf1cebc63cab3bb8614fa42d6a6da0a589ee1cbcca5c796f0dac70bbe815d703d1a2b91215035518a2b79b30187fd2afa27a157cf24ce2dc25571cfbf00a42a18137db385fcefd45d3941ea1f29e383d9179339d0e534f64525013eb21bac5b19d2d46044f6147862c42c6e8065d98098afec7fe7d70a16898513354dd111974cafee27e2b7fb54e54876801576c95ab8b7296227cc2f550b44c9c8e6275797b70030b32fea9921a3cf2146bac85af07bbc59d14cf1c045ca25524c3b82a8c0d8138e2ca8024240453ad3c44b770c5ef578a4ccc44785d057c365b9066907f0e02368ebdc2a68f4a3ba2932fd58bc25c5c5d563d44b7f081e7f312d8db888f447a16dd6808969bad814e54d733f2d8d8f269e10ac2058d2b203453cd2563f254d718ecb96a44d6c20c9a3542030d4266079b5d37b8ecc032bdcfb82c902fae53ec1d39d0c2171f30ce41c072fd5a27b2be56c5ccf2db1f990847e84157d1fff24c1a266c143b8585b835cdd98d90221598e6a03a44b730e12d07c1d9b0c0558ebc68a016c210757bd03344b7a01af881ab04365b654f2b77df6d6d841e0c9a8305cc9791a4249dacb2db3b0ad702959886a86cb496612e832026d95c15ddb5ac81060a8adeac0709ac135d3949d78f4dc4af6c6088dad4048abcb018affbc5d46315bbb00121e3f6a01036a4fea00af5315e70750f33d8a45928e413eb12ab267e4a6e6b8efa802b0caae4c40069ea3d9462035d534d50f42dd943a2e1531659641eab64ce2c51968e5835b1111952b283094bea51534134c755c21b0a932134d064aa6d65a21820a32bfca92ca1ef4eb279d8280fe7e9bfc1c3a2dd1975da8b878fb795510f2a0d942505b53b7fe1ea161acd79aabe3b90a9e52c019b14dd2543a45e607e6239a74b05adab4ad628ebad0d4c8dfbebcd73708bf890549f95c368d4d913f3d9b11ec59771ad4bd0105d33c415021d8ba52a5408c936200a03b9b5c6096c7ab03c90708942630b07694ab34d7206018541bc98731e3635411292b846a13ae1e01fd1c33a64df1e8521bc995793d8840c1505b848a17afda0f570a1608a8b0c940660cffd870fd135b8caa0c3141799efab04f2516a66655f7f53997cd9c21aa8b4906a859de54365acf26428b5f25595023a6037d508b8cea0d274d75be41756ee976f41b1914fdc65c0161775573da08041953ec235193e16688b52506c436c60f7fe7a28447f02f5e01e9470a8f95c7c139d865a3015c526842511fdad6b2338bc7143740d8a3834ac5da863aa43b438308a2dacf81ccc7bc5d8718ded4053ad0cca38d44f2fc60cd1868aae086a217f498f88a0083199d821ba06850e445f141a9104d0d46405ca0d303dd8dd7553bc472f8252071215dd5aa0d428555769a2bc1ae69bee972cd8a26ae606aa2da46b2436e3894627d4a59028afe4854ec2fda62293476f50f47b50eee0b6879addee4f009457428ded7d5ca1a6472f800a0e3418b111352442a5af4245852aa8ebe56b60bd1ed45b7841d6ba6da286247ca3674551a10a32caf7da576860ad39b801555c88a8590b536ae6e8abcb50a102a2ebf7e3df24458521ea5da08a3a2e44bf3f656cd8ea397e54a8a01cb2d8ebded8e48baf073d2da4564dce7c46dde541053fc45ed8e959939ab84351898a25c6a8e542ad9a11b34a51490015fc947dcbdd6031ad930913325b504d00150a96ac4f51470015fc9486400e532dbd9a00a827800a05f7745eaa0b516c2d2c0f527caf49c8d84db512a82840ccd01e75fb3d3b1650c34b799598e64d487330a6819e16127531a00a5f98333b50c34b29385a4c6fa1817515fd1e5415202b4fc654e18ba1f202d4f082aa1bb62f2e760e86fe1883bc9f39d54c9e05b3a8e1a3bc1269f3595013c614b6e5a041541520136f481d46cf0e37d4f051dafcbfd149a63928986a6b2cb94a541520fed3f482ac60d04d1a4b0b4b2360ad834c435411de963511a82a40d6244c2ec86e5f4f1e05357c9446c0b5cd54d3d6aa5956faa3aa0031625e2ec83243d5ff35b5b064940e4d5135414d1458d2b1a82a407ce077fae49e54266af828ddedc64583d6c958f64ca1aa00b99bb5d0936b400d1f5a207283514d00b6aa42045505a8e94d9fdcf38ca8e1c3934cb329fa3d96ed1aa82a40dfcf71fad0ac2640737d986c1e526cc997d2dcad370f99a4694696524c73f0bab4b020a92c6d461f9611a4a83044afcb465e3d7d48decf4b4a9b46d9626375974ad980a4364d42bb545c6b6653139b984c49cc25b54bc903d4f32d56a85a46b245c51e248f9cd4b720b9b574fe21b0a9896d03cb6b5ab7152b405501e61f26f4f1eb79f44e80a002d415204d1ad32ef56c75420d0f3677496b60d97d362d28475d0116a721b136cfb606d4d0a9d783249f4017512aa0ae008bb5a58a97c67af4686079078bc5a2313fea3d4b28a28e002a68080d0c5a275376b74c83547f54ba7a6699286f61f2e8053db8137be5e9613c6f02b55d78de82e69ef4d576a820634abe083b5ff6c997f29b35aeb7466d17ba75244f923f147a30640eb28d72c6dda9a8ed4264e7662f330909eb617d549030a909cf10a567909a94e11a5477e13960aa1f25c3ab0015044c42c6977ca1db3bacfbe350dd85f8121b4ba9ee5a0c939af0255fe8323fcfdf4b5050df818ad2cdf877d79f88a0dc4168a0abe87d3d483d12e1b44605dce040dbb3893bd45b13557b0eb2b8a37def116e7070d744d181af8a1a94334cc917d1a32f9832054c2d2c2fb8c381384b859e152e09a09c629a831e538d752053d67e708b03b1170a57828a1acdaa4131217688163df8e4fc31867374970fdcc3a12fa97885540169560d8acbc4265fb639dab110f50a3a8902f770e8382f7e848a57ede42b1497b0996a6e031f87ad7b71a410dba312dcc4a12763e1d7896c78721f690b8a0f08d9a590e48b4b58039516ee16b914ec8e5688da6f113b0735f2d0c352701f834ec35d648d4e4425de86d21d26451fd0839d1021b3053732e43d33f4e94dfb9e4c6a424d80ba04e8c11db893417d4b5ce47bd7e424190a0b84069a8c6d85dc6ec91cc0bd146aa01d4cfad0fd8789e7e06fb32d5a063753886f58b20869cbe5618ac20db1a69a8ce1a8618977dc4ea1df551a8d548e8979c04315b7076d1ebd44b60815a13bc4c3586994aebc55984a203187b47706841e345932025ddf3f1d56e03ec69afd436e296b05da7651e9efe243a639686960bf46f3d648e95866d712cd4ee791787751146baa5d5faede3e4a672a98c2da3ea41d9c344a47cf8aa23248dc3eb895e8420f8684eed3219acf54eb519d603cdb247688266fa0186d612b38985e379d4f230cd1d3f4a03cca48d4d011b6863386da823711e2d1a744720fd8e92b8e30a1e74479d2dd25c2922f0911f5195579ce3951ec45cb677d714ca65a033d289efa413d436146b169aa2730f658d54472a6d21c62ea40129624dc6f396afe5473f056747eaacfdce31991aa4eb479134d0c51f9ddb32e1463f7cc3fc0550541c81c454d680baf68384d3efb9267268558e1019b479fbe81af5a38d7747ea9f90cda7503c3922fa9f856f3464c4e6a67e533adaf2faeb1cd41e9bf21a3791ffef4fd753b1593fa0a44e66d6b6b31eb45d59a8049497d0b1eeb4425386cd383c7c47e9e37ffaf35516e49431445a7822dc01176dceee1ab042461639a8347858919df4a67e7044f57ad486a024527838905fff946fc75f0715a33f9d208d4a7f06ab90ddc50a61ac8a6268e0b5d99a004e14a78ff67e6fcd4c41a96d2a9761998c6282f5db0996a4786a73c3c9a62074f54eed79fd84cb523c31718f9c54c81b3ab0a41fe739c83ee625bcfeeb2037cc34a31b2eb245f1a83452e9cf5471afc30d66d58e4ec4cb50dfc49adfff2d7e17fd0313ecf21ca02a46b2a54e101677de0c03d63f7f44286072e82fe04cff91f52873318a24eeedf73aa870b9fc19cd32b7ac74b08fb2fd9aa2d0f673007dd27f46c8095f0ee713c831e74573106ff13a523a70e9cde54bbe83affc724a6cbfcb8015160cbd1378adbc01827555b717d9673909dd668445eb07b066ac291a2fabadf0a846fbafc3a7d03853570ea3ef92a84efb2a54e9bc4b1647cbbb52a11be2d4266254590f1865ca78eb01530e02cf2f4e4c2dff928d9282bc21f8aae028d8784b4056bd29b23b320e5573c0713348ab4278aec7b8b436a6290159f0c699d6d82068a03f572a566f21aa32d2d854b24f7c49dc735e777303cb2bd25d943084a63ed6098430609e8b891cc35b5d404455e4adf3a967d93c9fbd76b287a17c980bbbc7cf2e6b192d19797da469b6a325dd9d398373f543b2c470f5e228d6d1ded3f566b2b5c3f9924c9d7dc35615929bf75e96c234c474e77821c68c83ad662377f7acd889cbca785fc8263325624b370cb6490be1ff381fa6b4d1ac67aa8789c56e674f448d877b34aca7320c0e722d54fe70bbaea9ed0d808ddd1f1fce1ead3478af1d36e79f622be1ec392f2068ba73d538e52a5d3f36ef43a92df36f2ff6feeeaa31d375cf3eec0bf51e8b3dedb0b61c6566c709ede7e879a1cddd977453ae84f523bb48abc7a81faf4f96169d321d9f2615ebdcbab75ecf8904fe21c583df7e4bdf7055977d67baee8ba82cf63fa6a3bfa8aa52a70fbfcb3357898f597ed6ea7bb5cf6670f83d6f8dbbe79f4ea384e8ccbc25dbed004378655408d31abb54bd2c4eaa8024660a166e1927093d8cf8d6229bba829783ed5fce3745a267918c8dfd629e4a7cacca43c02189ec3f0a48c7a62c42f8a5f35addbc6e80a6ba7c2191aff8bfd448c1e3cae9d8179efac269fc27210375e7f0cce45741ac8fa8fcf21277adcce7bfd6345d013d2593e8ee75587273ccdc78fcb7f6164aa64f96879df1b8ce7c3e9e4e57db3d2e7fdfd65321dcec783defd729437dc731717ff039950dbcd7cb3c7c70000000049454e44ae426082
5	teste	Peitoral (Peito)	Baixa intensidade	\\x89504e470d0a1a0a0000000d4948445200000120000000af0802000000d270946e000000017352474200aece1ce90000000467414d410000b18f0bfc61050000000970485973000012740000127401de661f7800007e7749444154785eeddd059c5ee5b52ef043e5b494523bb77e2aa7de525aa800a1b87bb08484b82784b8bbbb1117e2eeeeeeee9e4cdcdd0921c2dcffcc4abf9b8b0439a1cca4b37eb07fefb7f7bbdfbdf77ad6b3d6b3f63799f98fe40ccbb00cfbcc2c83601996619fa165102cc332ec33b40c826558867d869641b00ccbb0cfd03208966119f6195a06c1322cc33e43cb20588665d86768e99e60274f9eb4ddbd7bb7eda54b970e1f3e9cf8187b588ccf9f3f7ffaf4e9b7df7efbf8f1e367ce9cf1f1dd77dff5d1a113274ec49c0cbb56c6b1dc6b70f6ecd977de79c7e0e2c58bb6172e5c80c2b973e7ec0441021de6630c8e1e3dea5c87c0147b3ebe39f103edf2e17fb95d0f150c843108b482637bf7ee0d448104d194c3ff64e3a953a7e2237bebadb702fe0cbbe6864b7ccbc3973fff33fa63107b023bc001c54eb92f98093b832be9f7312de5021f64281dac765716b7e7f2099fb1a57b8285a7e0049b63c78e45450ace2c58b0a074e9d27ffffbdf7ffdeb5f3ff8e083952b571e30608099b8a764717730cdc036c3aeb9a9487cfb1e92f88872b25ef7eedd81f2cb5ffef2d65b6f0553ebd6ad630240e118e34f612964fa20bb7cf8ffb70fdb7f0d2ddd130c8a21248254fbf7ef2730e09a376fde9ffdec67fff11fff71e38d37feee77bffbfdef7fff939ffce4bffffbbfed69d3a64deaa92986902c51e232ec5a193842413083d00e8cbea857af1e141880e4be7beeb9e737bff9cd4f7ffa537b1e7ef8e19d3b77c64cd17f65f5fb9896caa60fb6cb33feb5763d4844455fce83a2d2147bbef18d6f7cf7bbdf95205f7bedb5d75f7ffdd9679f95267ff18b5ffcea57bfbae38e3b00f93ffff33f8a5846ebf5d959d4ae086bd0d0173e1e3870a054a9523ffce10f7ffef39f3ff5d453458b167df9e5976171df7df721db9ffef42763e8f4eddb37ea5e24cd4f64c1a5f79b1c2a1163ac1b7b4feff7995aba2718c917b2108af050bed0a94c9932cb972f5fb76eddd6ad5b93929266ce9cd9ac59b3cc9933fff6b7bfbdedb6db88463493359d15393256c8b06b6811d6897657126453a74ebdebaebb264d9a74e8d0a13d7bf66cd9b2053ae3c78f7ff4d147bff7bdefd9de72cb2de0fbfef7bf0fbb4f27dde3baefb7cb87ff69f6e058a2c67e7696ee092629da2652ddeeddbbdbb56bb763c78e5dbb766ddab409c16049754c9e3cb9458b16152b567ceeb9e7a8c782050b4a996ddbb6fd14efa932ece358c4ee951a412aecd4a9d3c2850bf5c6b4c6912347943548698c5bb66c59b66cd91c3972142b56ece9a79f7efef9e7b365cb8690ef27c6475a2a9b3ec02e1ffea7c5ce7f411dbb1e2462708cb3d06cc28409d3a64d83e2e6cd9b5533d21fd3a4c98d1b374e9f3ebd73e7ce3d7af4285fbe3ca1c26ebae926278299a5ae9461d7ccae7c81842aa0b1a769d3a6ab56addab76f9fac67bb6ddb3630a96376f6ecd9b37dfbf655aa54a954a952e1c285fff0873f6cdfbefd5314b160cefb6de5ca956bd7ae752dd715156ee9f2099fb1a57b82f11d7a2844e1b25ebd7acd9a358b26c42ef26fc58a15c0335ebd7a35d5419c8c1b376ed4a851ad5bb7ae5dbbf6edb7df6e82b332ead8676184375e497c0082ceb265cb34575010e28486c427dcd9fefdfbd7af5f3f6fdebc193366488e5dba7469d0a00119dfb163c74f21e1a266423c448d4850157ff2939f68edbef6b5af7de10b5fb8e1861b1e79e491d1a347a7e6d5e3686c9a5b8af84948a16b65e99e60d13ea1597cac56addadcb973813a70e0c09123474a90c0b33d78f020d18f60c3870f5fb46811a475657ffbdbdfc81567fd0ba4c2bf9b25be3566829e87399cb7951128a85760422d3443361ade477869d2b464a8952f5f3e12e353bc4564d2a5cb51a459b366c52becfaddef7ef7831ffce01bdff8c67ffff77f1b7fe52b5fb1ffa5975e8af41ac536aef5e9ae78154bf7044b0069200fbdf8e28b952b57261a4158ba74e9356bd640519aa40a00c9a154e2fcf9f3c9c5c1830793fbfdfaf54bbc41ceb06b68517c948544ee7bfdf5d78b1429a282f17cad5ab5860d1ba60d8b0e19708406f53e67ce9cfefdfb1b98ac0d8b133fa9210cd0efbefbee1b6fbcf157bffad577bef39d5ffef297ffe7fffc1fdb3ffef18fbff8c52ffeebbffeebdbdffef64f7ffa534234322c36c68941b06ba868d23dc10019de61dcdaae5d3b450c970049692058bcb0c2224062dad2a54b376cd8606c7fc3860d15b4d3a74f5f996e33ec9a5842ddf1edb163c774536a9794a71996e6e43595eaf0e1c30eedd8b163ebd6adc6d8b577ef5e6378e9a5913056f84416d72d58b0e097bffce5bffef5afbff9cd6ff0eab6db6efb6daa61d7cf7ffe73833ffde94fbffef5afbffbddef6a13444be8a0d8ba61d23165ad6b61d703c112f946be949014282ec39f254b96d812214cb2b473f9f2e5a1f8172f5ecc9b2d5ab4b0d3891912f19a1b5c22d6753524a22d8ee990c97558e0d8ca952b653dcd92ac670c14b96ff6ecd9494949e61868c6c017ab7d226bd3a60d359829532635ea473ffad1f7bffffd3ffff9cf6a1746fdcffffccfcf7ef6333b518b7454c168454ad259896bb9bd6b9870d33dc1c2504b2e84a2d4a83ae9986d2542d509841ab0d5ab57ab66ba2f5264dbb66d24a23df9f3e7bfe64d6d8685c9599c0f947879c0a64c99a2fb52c1e012af3a42d51be31b76814635931f498ce6cd9b43f053a0831e94a15eeb873ffc21294828e2928f48a59a518cf8865af8866cfff99fffa9a07df18b5f4466e752b35462e4856b65d709c1384545022a658f3c2a15b12135aaf5d2a4b1caa66a018f50011b5c070d1a54bb766da7c40f0767d8b5b5c41b761e8e8240502c5cb8509adb946ae847db1b2098f23576ec5812d14c0ca4124b962ce9944f41b0264d9adc74d34d68a35e2962c8f3831ffc8032fcddef7e17acc32ba2d1582953c16eb9e516ed995a2784b04b46b8bcd035b2eb8160896f3301b66cd932fdb17468a7148875f4868f8407d8c68d1b3771e244737c2c51a28482e62c39ef537cdf926157b744e18a6f5084af44f6c0030f28561484b19d9485548863f6cc983103c1543930f5e9d3a76eddbacefd14524da54218ecbaebaebb0cb461dffef6b7314adfa570295f3ffef18fd5b1e8c7d02c5e7e7cf5ab5fd58d47ed7257b1d435b1eb8160f19e0aa32445f9af7af5eaa0422afd159711249135098fae5dbbf6ecd933b226e5adb845f97a4f0f866f9819ee4e2f1639c23d0bcae8d113ef7e9827e51c033b4de03103853de688751e6051311cb59a9ee47ff3ceda9db8688c637d83cc9933ab54d3a64dd3158be3e890090d773275ea541d1a821d3870a055ab566866bedb48bc8464d6714beed97e4fe1a387b27528f640564fa534e10ca6a1d9ef7fff7b44220e6d110cbb142b0473c800df6c51d19e279e78c23a1677c58ff9e0267f64905c0f048bb7ab28c1d7aa56be7cf9484149117e3c8e72e8a4588d1c39b275ebd643860cb14705bbf3ce3b7132e29219383de0140d1cc7222cd285057faeb4883ca60b8d07993b776ee7ce9d73e6ccf9d24b2f3df9e493afbdf65afdfaf5753e0e991cae480434b2c50af67c6418bddf9c9bb825578fa5ca9429d3bb776fa49202d42ed58c629f356b96deac5dbb76d17741334b962c3ae460bb20c61c2bc422508635332d75edcbe690fb9440b5554420c244a542adf8885174a3928551c886810614a369f1c3c75ffffad7dd92907039a2e6f2baef33d775544648f82492d48759ba2798e7bc124879516992262305d2875a32d971e6cc990d1b367cf5d55739d17e7ac0385e3f02d5969b1850131166e504fdd2bebd27e098c789b016d072ca0b2fbc70c30d377ce52b5fd178504d7a1231175fb9162e5c58dd881522d1a42ef0ffc8f629be1712a6c8601081189eecdfbf7fc78e1d81e2e3f6eddbf10ae7c90d89ef95575ed1a1b9a25458a9522599511027ae6b35d0bc9fe76e559db41acaf9f8fcf3cf873e64ea55104941c3317b7c8c31d67102e3043d985af7c73ffe911f3a75ea14cb729d4b5bd3c05358dfd5dd037345e328cec662efeaaf3aaf870ae639b93ede67f8a8cb124fb49f2246282a5cf5ead5d398952b578ed047421e31c74e5115a744b27488071328023bf6a70b8b5b75ffb6ee1c5b3844640891091326881ebdfedffef637b95c3c45ebcfe46f953cfa90d1a347a79489d49f8108b25927160caa7c22034ae01237664d5bb451c104a52240b74307df8a172f0e9dbe7dfbc2c585264f9edca041837efdfa991f5767ee2ac17616634f671078c555240e2cd25f794c5c624a536c3d206aa95a88671b3b99c9eccf7ffeb33d0a6c2c1537ef66f810cf6504c576c182057241dbb66dcb972f5fa04081468d1a75ebd62d5e8abc5f3e242cdd13ccb345f6627c0d48c58aa7e87889b06ad5aa79f2e4218af862f1e2c5f13a44e23467debc7926f8c895a9675fb608b2185f096aba30de8898963b0c3c9aea8d5df2b7b4fd9d5433fec73ffe71fbedb747f2c62e4dc837bef18d1b6fbc51b58f75382a9e3d6a48c2211fdf9c62053710a11f144598ba75ebe24fd3a64d4b962c992d5b367555f9725d912ad9eddfbf1f4c7222b9611ca704851266c12bcbb58f091ed287a8121d57d08919c747864554a2ccf2dd2b2c66e2e4dffffe77fc69d2a449e3c68d0b152a943f7ffe1c3972849c7ef0c107efbefbee3beeb8c31e3d889b1754bc4772c7a53fccd23dc112108213bbf41bc62a18905e7ef96561d4ac59b31123465086fbf6ed03b36dfc130909a967cf9e7818405e69b1e6a788aacfd7c41982b96d1119494787835d02e89bdffca676ff7bdffb9e3062ba0e74b22752b8f03241e499cc754e4c6496c8cdef09f18f6fc1b1d826fca976910fae8b6643870e252bf6ecd9a3a685e8983d7bf6ca952bd5b1f6eddb53ef893b616e2371271e96296204709411e8bbff4c993279c0e05514abd41295f2ced0f3fee52f7f914d50e59e7beeb9fffefb1f7ae8a1e79e7b4ecb87eab602067ff02a7bf6ec0628243bfb886c458b168d7fbc4b4e172b56ac54a9524e74398fe0d257dee47bec7aa8609747a9c48877ac5c6feb9052a6b84f9b368d1a09e5834e4b962c494a4a5ab66cd9b871e30059b9726508615dc8450645936391746411c72ca2d040287cf9cb5f96b6718c1a145e18f5d7bffe55c0493df62b6291d43521f2fad7bef635e2279a0a8ba0043f188be3940b7c2a8bbb32b04894b558b3468d1a43860c21ba74cb8824a329b601d6c0810367cd9a3578f0606423cfdc0f2ce26654d420aa6d4844967299e4e4d5ab57df74d34df7dd779f67545b30ca73793a8f76ebadb7aa6cf7de7baf262d57ae5c9eb1489122a4299ee4cd9b178bf00779d4a582050b22528912257c348103cdb413cd6266eedcb97d64d651fd54bcab3be77aa860b6b894900da146e2b1751dc0dbb061837a855a1aebe54b972d9837ffec99b78f1c3abc6edd0640ae58b1aa56ad5a73e6ccc3b1d405a097fcd6e933e7cebe93fca18929ed9ac78f089644a458e1855a64212e4516472491877232bd4094e3e3959a43fa31a7d0cf4ea7124573b83121c23f9d85c4b0084395909dafbcf2ca98316314cc2098b2a63156cd90cace0e1d3ab46bd76ecb962d2d9bb798387ec2a103876171e19df3fbf7eedbbc71d3c6f51b562c5b3e7ae4a8418306f5ead54b23a0c8087a8ff3c0030f285c9e3108866ca875db6db72956e4286a0573d0c629ca113ad919ffd6336bd6ac88f4cc33cf108188f4eaabaf2a6bcf3efbeca38f3e8a9c9c239ca86b57e1256550c5a311503d82f003ed7a2058e4451683c47ec14109f4e8d163e1c28582464a1e336af48ac5cb674e9e7ee9dcbbdb366d5db5626dd2a62dab57ae5bb16ce5a001437b76eff5f65be70179e2f0c973a7df4ebe98fcce9973c9972e2760263e2c726503f0afb7440a17a911b8611e367895301de6b7bef52db491bfc599984324b50bb50cb45e08e6906d647a11691aa62164e2918360b651d682246ec0d5b93ae4432834844c4800162732848fb1f941ade884856f9b366d8c65bd458b164d9932858c47b0f1e3c7239b52237cbb7679b356d59aaf66c9fef463cf3cff74e6c71f7cf49e3beebef7ce7fdc9fe9de7beecaf4e273995fc992153d5e7ef9c5175f7ea15a8daadfface3771c083308f29b9c4eb446a101ff0046190c729e45fe6cc991f7bec31acc399279e7802e1b9421bf6fdef7fff0b5ff80247519b761238a8aea718356a14c943beca5cd4ec95022710f9404bf7044b98070ed4054700093949512e9c3f7ffeb061c3f868cdaad573a7cd1d3d64f4e6359b4f1f3bb369c39689e3a7ecd8b6db7febd76e6adab8c5e081c352aad6a5e493874e1eda7de8c25b978b58f056ff26bc44cc9591fd2fb62b7165087ffcf8717d88e076639016ee11f7b22cb6246a1716092061876972308e45291385262095c0320dc7befad5af4acc16e1c9f7b834a8e22a5c41dd8d1e3d9ac69e3469922a149c343ff8630e2f999fd0ab16d4214b76c479a74e9dca972faf925065ca08a1356fdebcddbb771314b69615f434588eecafe6ca96b3688162154a562851b844fe9c794b167dbd6289b20572e52b53bcc4734f3d9df5e52c2f647efe8107eecbf2cacb4f3cf5f80f7ffc03329872f3501eed37bff9cd9ffef4278fe6492383c47b794927d28a473607031db547d271032076c3128a0749a4094f217f71b24708cfc47ece31271cfe81763d10cc93875318504322326263f8f0e1cd9b37d7494b3c14ffe2858bdabfd161fbe61d13c74c5abb7ac39e5dfb870c1eb12569c7b4a9b30ae42f52a860b162454bf4ecde07eb8e1f3a8166efbee3ff94e088aa15c9db404ca75ee1f331410c69b7e4498d611f7795a0fd9123474c4030f9186144153a194454092304135551afbef7bdefd963bfb0d398c9dc3a19a2cbc3be87ccf1d49826c8e42c86639c3c7dfa74f96bd5aa552650777cdeb3674f9c69d5aa55ddba7589318542e377c71d77d069c6d9b265533d68b3a827b6f8ac3e481396725185c21c158c3c7b254bb6c71f7d22f353cf6579fee507fe71ff9f7e7feb5f6ffdf3dd77dcf9e4a38fd5ab55bb43bbf6eddab41d366cc8d2e54be6cc9b7dcbad7f889f8d220b3d91a753a26dbffef5aff3008245c3897261c651d53dbba33c16dfd12578953044e2de4498258ce7a110d9e7032ddd134c24c5c31f3c7830b40a84d42e1d73c58a15bb75eb06b9c68d1b5323c6a448b737bbb76ad166e6f4399d3a766dd8a0e9e041c3ebd56d94277781debdfab769dda14eed06fdfa0e2a5ba6e27df73cd8a841d3b74e9f8dd815b289a4c5222b7f5ee679133760101c63893b140723468c103df1330af1dada403045d849f34a0491a6f178f1c51705a50958172ff1051ca6c53aa287797c258b49f073e7ceedd7af9fee48ed42890913262c5dba94ab353f64d8830f3e68419d8c8ea868d1a2d895274f1e6ca1b518cee4cd9b17a3f43c1a1e6463e65ba44f9f3e821b6afa31f570e4c8919aa5810307962f5ff1d9673367c9f24acd9ab56b56af55a450d112c55faf5fb79e1e4c9f2cfdd99e3d7b66e7ceeda2bd4a954a4a34167952d9243a310329c653cb29c12b63fb3de61ffef007e5ce533b45d14330854b9a784f66f9df58ba279820c0b18447162c58006cd123f9c9917bf6ece9d2a54bbd7af5aa54a952a64c1990972953ae42854a79f2e4cb953b6fa5ca554b942c9d356bb64a95aa346edcb44b97aecd5bb4f25fa7ce6f56ab56a354a9324f3ef9b4d217b12b6d8bec08b8b8569a32d16febde78c3404e1155210545989062117cc823c4e35d195f952d5b561f6232ee45ad93f53193df4c2854a8d04b2fbd843c5a7f2ec507e4412df269f5ead5aa28ff08ca962d5b3ef7dc73ca11d58751ba9dc71f7f5c3ba492385743f5d4534fdd75d75d8218b71db55a93264df43648ee4eb44004bceaa71383a00599668c5cecdeb3478f5e3d870c1b3a6cc470838e9d3bb568d1029a4e747aeaa327efdbb33745c9bf9b4c79220959e8fe5d2b2ab394a1928730f69107b02bdcc23cac3d2a981b734ae8406b86be0db80d0458a45a91c07c640223f5fa57b3eba407f3a83367ce9429a96a88b66edd9ad6b71360dad9a64d9b8a090db422f666d7ee458abe56ab765d442a53b67ceb36ed860e1d9e94b475e1c2c54b972e9f3173768f9ebd070d1edae5cd6ebd7af76dd6bc65e9d2a5a55597a0b3f9d4807f53aff9f95880ea1e047742b1440f209b48ffc2549d914ac450542df1247923988f8249f6511cb440ca4bf6ecd9f147613188376cc21d43f4453ee24cbc9dc334d4527cd066d0a0414b962ce10afdad64bf78f1e2bd7bf72203a23668d0a061c3866fbef9a6fa493de2dee1d47fb33c66cc18e7de77df7d68e61254a5536ca53cf7404f5a0a6decd17d2d5fbe7cfdfaf59b366d5224870e1f3668c8e069b3a7af58b37af6823983860d1d3262f8c8b1637af5eb5bbd76ad9cb973d5ad5f2fe5f9df4d3e71ecf8d9336f9d3bfb36824913ca14b650bf1e595a61fc10c519976c7de40ad390907191c99ed4624124be4536865d57222ec99a101c43426670959048f70483f1b66ddbdab76f9f295326be2b55aa14052f02e0ba62c50af1a13d402d3b05c1bc05f367cf9fb77bffbe69b3662e5ab674ccb8b113274fa27f7813e429ffd279e9925163468f9d3861eec20593a74f8368fe8205848eab70ebfba5f9bfde12a482b42d80e7cd9b27b251429e5664542705e19e7bee919b8943bc1249b662489cc9e277de7927c228021a2de12e01897e7e13eb4a99caf0e4934fde7befbdd845d4d190524ce5ca959544698b3844031cd0d0a2b1b28906ebd6add380e146dc5858242328f4efdf5fbd12eeea1bc91784a42d31ca9a7868a969d3a6b984e64db7ac3082cfe292e39bddbaaedbb076e9aa25ebb76cdcb463d3f4b933878e1e3e69c694452b968c1837aa7b9f1e595ec93a69d2a4108ab6674e9c7cea8927f5601e19cd3caf1a65ac7c458a0933e6073b912a1210476126aac76dbfdf429627881434b327687695c0b81e2a18f9fef4d34f3ff2c823048fdc999494e4810522b9a2d5d677699d6553d02e5cbc68c98ae50b972fddb977cfc1a34766ce9e0569cddbceed3b8e1e3ea202ecd8b1c39c7193266edfbd6bde9245e3274f1a3f7182c22880f831bec5661f06c3bfc028165b0fa838c8af6a97a0548228b7dab56b238396067322a6059048124f894e4ccb4141a94ef1f3991a2155454d93d4c92726fe88a59b6fbe5988bb563c6934f1115e76ce9f3fbf6bd7ae78c5d5fbf7efe75b5d139e08b8a03d3336536ac37c9ac25665d30fdb89753d7af4c0a8144452bf41910a9b376f2e096abdf4786bd7ae7548db7cf0e0feed3bb7ac58bd64d3b60d078eefdfb87de3ccc5b3fdb760e592ed7b774e9935ad469dda455f2b76fedc3b6f9d3c75fae8f1e44bef4e9e38095590caf3f2409471634e8807648eda6fa78c4c4caa6392d14d37dd245f844070930651cade631cc20f89c70c7bcfc72b2ddd10cc5389278f1d129905f690a853a78e842d563a77eedcab57af65cb96d90f456107d1b163c78a800d1b361c387060ffc103474f9fdc7560dfae7d7bd7ac5b6ba9d52b57497ba78e1ddfb165abed96cd4952f2fc850b36246ddeb86d0b8e8d1d3f0e8115316bba8170fae758ca024be943e17533683f78f060ca8dbce101b940346388e851d2d14922c719d4b28d80fbd6b7be650e4256aa54a97efdfa749ad3c927139ca5ef3759df8f332e14a196784ba635b2b547874611484fbcad3be5dbf857f75c64abe0db12ab7a3305f3c1071fac5bb72e68e429b7ed74dceed0a103fa497fa03113527dfbf605d6e6cd9b5530aa12ebf6ecd975fcd8c1e9d3c7efdeb32569dbbae5eb962d5eb568e1eac587ce1c59bb75e3b43933060e1df252969737aedfa07c5d3c7b3ef9fcbba74e9cfcca57be824e9e45d690623c35fe304da054a22df4a451d322e3189bf9d0430fb967feb4bd8ae4fba4966e0826b084b5270f5ed9da034e212235d2339a66251eeadbb76f07b91c2974ec811c128296ac4fdaba65d58675cbd6acdab475cbc6cd9bd6af5db767c7ce4573e66d5bb771fbfa4d87f7eedfb76b378ead5ebb060377eedf6bf294695365ebead5abbb1cefc7d53f474b24cb04c9692a0a990013b5356ad478e38d37682dfa4a22c7b45b6eb9453c49db52759432e3d47fabf1073a50e57ff8e187cd7194d154e69055ce8db7261170b175c5e0cf891327d08026440f3440270cc17387582478e46fd7ae1de72b98f4273854daa54b975a448d028d8a173fbaa15e61292549792acbe0931cd15b71dbb63569e98259bbb7afdfb86ee99e3d5b96af5ab860d99c8ddb37ec38b46be5e6d553e6ce1833617cc9d2a5e6cf9da77661d7a5b72f5cba7051e9bbe1861b6496db6ebb0dcd3c97f48145320eaadb636c1be5eb6b5ffb9af6d2f312ab6edbb380f8036bd7a7b3f4241165be446a89b65e6c91161a6b995b7b20b0108ccc9377a5f3eea9163fe1264d0272c3a68d493bb6ec3f7af0e0e103dbb76f9d3363fa92d973de6cdd6678efbe6b162cdab676dd91dd7b36ac59bd6ddb96c3470fed3dbc7ff3f6246d9bc2a848cae26e407c583ceee17331b92348ee6612648bb87f8f091a699b440c95289e48a3ef7ffffb22cf58a3421a893ca116acb3f5d14c34fbfad7bf1ea472155b01e7a22c3ec6e5f041cd91b6f041fb8a3f76b2603e7540b2aa48f7dd771fa18e7e13264ca0062d55ab562d87d04cfba4fb820b2e611aece21dbd05ed44e0a913c735a95d65d1d4b11b96cfdb9eb47acb96d52bd72c3e706ccfae833b976f5c3973d15cbd7483460dc78f9f78fead77922fa514b17367535efa7934b51a7fe2452292df7efbedf1d3bd7cf25ffff55f0461142e89e6c61b6f54d9e29ee3d1aee10feba4b31e2c41308e1001b235fee01241dfb1634708498a4082b7564417e1e39a356b2819dac676f7de3dbbf6ef3e7be1ed7dfbf62c59307ffcb0e16d1a37a950b858e9bc05e68f9fb466ee82233b76ad5eb4f8c09edd478f1e3673e3d64d5a32158c9a0a9924c83e309aff6596f0805817078a493021e4a201d6b9555b4921fa0d14c22ba462b49f8f641275844848656bac6a894826e6045fae5cb9522f92625666f1d4ae6e6c10358aff114c1b26a975ebd6cd7e9736c776c18205bd7bf7c6a522458a901803060c98376f1e4e1293afbcf24aa74e9de01205305e9378107a124b5533dcd38ca15fd306754be7cb59a764916dcbe6ad9837f5c0ce0d4b97ce3e7864f7a153fb576f5abd70c5c249d3a6d6ac5d6bfaf4996f9d3883608ad83b6fa7d01b4be517c9420df7c8ca944723179907443634432dc4e30133dd185ab2c82074aced35b17443b004aef191e1cc0b2fbc0039806993108cea808d50285ebc3868f5e2908b7f0a0172f9e9c4a993d875f6dce933a78f27ad5fb375cdead963c7562a58b84ceebcb3868fdcb468f1b11d3b362e5f76eae8a12387f7efd8b575d5fad53366cd141fe5ca950bd7bb0183c4abbccfc5e21e501dc1682aa1696cff95a5951376efde2d7410ec8e3bee90b3c519168930ac8bef7fa2ef0add184d9a946fbeb314168b046363f1d826fc1f87b87dfaf4e9f42181a0ce7372f0d08dd5ab578feacb99332789a1d0210c0da6344d9e3c397bf6ec23468c50a3a841e4a445a3b51b376e9c5c2663d2b7b4253d59b362f9ba258a1679e6d1052307ee5dbde4d89ea4e993471d3cb873dfc11dab36ae5ab07cc18021838b157f6df3e62d2904838f1879f7f25782b367cff620dffce637b55e6ab8b4e2790d6ebef966dec0377b3cbb8e5437687e98e7f208f1b0d7c4d219c198341330cb52ba08b5ab66cd9a243e083141c972880ab20796b22377efddbbf7e0c18302f1adb74ebf73e1dc966d9b8e1f3bb46fdb96038eaedf90f5a1478abe9865f6d011c793b61e4edab277d3a673278eedd9bd7de3e675b3e7cea06d1a376e2c555b36115ed750427c52f3f8e218c383f009b35fe910198912876f3972e410648209a3900791841482d9cadf7622154619c8ebb6c6c4a1f8a3c0ad133a3cb16022ece26daa76455122c21522022f5aac98c05179f2e491e32426a00c1b360c79f04d8ed3336bc940b372e54ad54ceeb3f5385c6a2cd621a81e9a3066cc986e6ddb54c89eb5ccf34fb7af5c36f9ada3c9678f2d9e35f1e4b1bdabd62e59b074ded82963df68d7b648b1a26fbdf576ca8f65a712ecdd8b29c9c585dc838b52c2a4a0c70cf5cb3ca9c2e5a38cf3a52f7da951a34671cf022c1e30f1bcd7c4d2590f66cb7d3190355f7df555408afe264d9a04c108771348a02e5dba10fd50a40ccd241a0179f6ec1942fdcc5b27ce9e3a7e74efee039b374fe8db3feb030f977b35f7b4be032fed3fb475f1d2834949c7f6ed59b974d19cb933faf4eb69f1c2850b47e8486f71e9c8df69c4dc5282f09e3dcc58a0c841224cce96714415fe1084cc40c9c237867e8ec68fc04aea32ba9e56b459360a753cb2d5de4330dd20f75286f19d950245a2c7a559be7cf9280b754c51ead5ab973cd5b3674f10e03ce2097de7aa60a041a7f83e9a575bb76eadb8d94328aa7b437af52cf6d4e3b5b2bd5429eb0b47562d4e3e7968cbea4507f624cd993b75ccf8111dde6c5fb36e1d3d58caf5cebf9b4230d47837e5c6ec887a4ebf3cfcf0c3f1ab47e40e4c53c48c59962c59dc79ccf4682902e79fbfffef1a5a9a23d8bb29ef83528b956af1ffff17e071476a8eb9b461fddadab56a3cffccd3ad9a356ddbea8d0eed3a0ee83778d9929507f61dbefbae7f346fdc64d6b4e9f3e7cdd9bd6bc7ca95cb972c5bba63cfeeb3e7dfd9b177e7bbc917766cd9b46ec9a235b36665be2353f1675ea89527ffc4f69d93f7ec5f397ec28135ab77ad5d3575dc8891c3fa376e54b756ad1a4f3df554d42e37f0cfab7f6e2614dc0c025c791b7157b6a18e62828122a3b1d1e8a359bc2ac42b8c32a015a5f678ff114c0bb928b52b869141825ab62c822fd2bcf551c247227cc4a8915367ce58b064f1a2654bc74f9cb0655bd2dbe74e9f7bfb74e17cb91eb93f5399d70b77eddcae55b3c63d7b769f3a7ddac953671e7bec31454c4dd383ad5ebd7ae6cc9938b66ddb3617b5b27a88b188aa785abc73eb560d5e2fdaa870be2a595fec5cb9dcdef9b3f62c9abd61de94a5b327f6efd3a576bdaae5ab95ef3db06fca5da6dc5cf28533172e5d48410a5b6c95c420db92254bf8a16ad5aa254a94a856ad1a75b370e1426cf7989e85df4c4b407c6db367da22186a9d1742c9e7d59978f19aec61e5cd0bc9ef1abc9b7cfacc597d145f1e3b7a70c19c990fdc75c7a377df55ad4489ba956af4ead87360efe1f3672edfbbfdf0af7ff2bb0ecd5a0feddd67f9fcb9ab572c5ebf71cdec25f3d7eddc7af4e2db3b0eef3d7ceaf09edddb164d9fdcae56f5e24f3fd3ba48b17a595ee95fb1e284264d0ecd9e7962c5e235e449ef4e8d6b966fdab046a992afc5373c522cd8c4b15088bb4d17266a158d6f7ce31b14a0da15afce90cd36de222a5c0651d3d43a4422419d75f9fc540b3e076999a311851b366d1c3072c8cc250b36ecdebe3269c3c69ddb3a76ed70ecd89ee4e4d3055f79bc549eccd58ae7e8d9ae61e35a959b376bd47ff090b72f26bf5ea294e2163f11123fdabb38f5372ef32d25af0c3a2afa793b292969eecc69ed9ad5af5fe6b54ad95eea51aef48ce68d0f8d1bb17dcce0aed54bd52e97bf71b3ca452b14ec3dbadfb9e44b38b673cbee94229642933464698e60e792cffb2f8560d22710e3bff3a904bb947ce6adb7cd3979e2c8a5736796cf99f1d05f6f2bf262e64665cab5ac51af6babce0d6bb698386a1636162f50fab9879f6c54adc6f2b9b3572f5bb070f1bc79cb176d3eb867eddeed3b8eee99317f7ab3c6752a16c93ba879e322f7ddd3a950fe064f3f39a8e46b53ebd6dc356af09c375bf76950b554f6673a37afdeb87685bc39b33ff7dc73578a0704fb7c5f727c229392f1a178f1e2441182c53f28fccb5ffe8251946174ff7f4cfd41725b814e6d7abaf7138c454193e90d62c2d2e5cb106cc2dc694b36acc3b1e51bd60e1b3968c19c891b964ca955227ba7bac50b3e97a957cb1aadeb576b50bb7abffe83d5dc2e6f76a3d9ca962d4b25aa5d8cfca6390d945f352d7ffefc93264ddabc79334a13f3f5eb571f3bb457eb8aa57a552c3db044b12ddd3a357ef189524f64caf3dcdded3bd6a9d6b442f926958fbd7b66e7fefde2e4e2a9947f5e94a62c8d563020a6642520a696afc84cb25a0ad61711f0ede40b6707b66d99e3a1fbc67468f3d06f7eddbd71b352798abdf87896b9d397ae5db96df6d4f9bffd9f5fdf77c7df6a552adfa34bbb2143078c1c3f7afeea95d316cdabddb46e89d245ca9728d0ad49ed37ab942ef4b75b27d7aa34b0689e09e58bf7cc9b7548b9c2cd7367ae9eeda9c7fef893d9237bf7ead8a24983ba0f3cf0001521aa08095bc047f79fbe4c0b74e38d376aeb834e0ad757bffa55058d7af45137abf3c122ec8af7252199c2621ca432c7961fd8b419d3070e1b3471fae419f3e6ed3f7a18dfe6cf9bd9bd7df30e0dabb4aa5c74d3f421459ebaab5abe17eb962a5a205bd65143476fdcb075efdefd2fbef8e29d77de99356b561d57efdebd478d1aa51fc3b7f6eddbe7ce9dbb68d1a27a360232e5d5f93b67264e19bd6cd1b40ab9b38e6dd1b86b9102a5efbcad78a63f957ffe815ccf65ea3fb04d8de695b216cdb6ebf8be13da878bc96f1d3e9b41b0ab19e79c4fbe78e132c1b4ada99dabff2ebd7bf1dd94deecfc85b397ce9d4a3e773af9d4d1ec77fdb54d89222b06f6695fb6e463bfbfe5a5071e7bf2fe27b2be945b4750be5c95562d5a6679e1b9c71fba2f6faeac55ab5528f45ae1aaf5eaf6193a64fa9c697bf726cd9f3afae0aa79cdf3676dfae2a3ad9ebd7f54d1ec0baa156f70df1feb3efc97d6b99fad97f3d9e2991fdcb460d284617d7a76ed2ce32298c08a08137f622b6e38ed9bda1b9460ee7fecd8b182f8aebbeefadad7bef6e0830f6a2f8b152b26941da5fa3c97ad6906cec2ab84c504c463c68ef283d5060ee8b778f1c28913279e397376dd9ab56b972eeed4ac41d9dc59a6f66c33b75fdb516fd47af057df7bf22f7f7ceebefb8ae529d2bc51cb366fb4ad58b1629932655e4ef987fe297f2db17af5eaf1a31e83070f56b8744a06f8b669d3a6a3c78f9c7cfb68dbb68d964c1e5d35fb8b6f14c895f7cfbfebf47abe4645b2d5af5470e8882ecd3a357ca5588e23ef9c4ac143c89c7e3783605733ceb99042b0d49f51482154ca7f2cf5edaba4fab6f07eebf0aee4774e76ae58ba58a6bf8fae55ede4f4c99b870d6cfe5ab167eeb8ab6c9112fd7a0f1a357652951ab597af5c3669f2d8e1c3fbcf9e3d79d7ce2d0306f4abdfb859775dd9ca25491b579cd997947c66df03dfbea17fb1ac83f33c3528fb43d35fcfdaeac13f747ff5d1190dcbb52a946554bb86db964c9b3765f4b041fd0b172e7ce8d0a1c4fbb17887965e2c7241d0c6c036da27954a971fafb353e6a59aee2bc5dda9ef489c7825cd1c7d3fc1c68d19dbb77bf7833b768e1f39faec89334776ef5bbf78f1c8ee5dcabdfad2e2a1bd568ee839a6559d46457216cffc74ce279e1c3f60f8c0eefd1b376c3261c2042270d0a0413ab1e3c78f4f9f3ebd64c992a3478f8e2fdfead4a9d3b973676d9822b676fd9a8327f74d98326c68ef4e13ba776c51346fbbd70b362b9cab5eb19cbd3b371e37b15f8b2e4d1a7668a2073b78f458caab31cf9a41b0ab9beecb7f012a43ad0bc9ef2a6be7b0eaeda36220f9dcd115a306dc79d31786952b35a57aa5d51d5b2dedd2b64ff54a391f7a7068cfde1b376eee3764c8b009e3376edbbcfbc0cec54be6e0d8b6ad1b0f1ed8b763dbeead5b76ce9e3b6bcba6d5a7f66c5a34b47bd65fff9fe9358af47be58109059eec9bf9af03b2dc3bab6ac1b1d58a56c97cffd659e38e24addab97155b346f5e56937261c29432626e256d3856145700c31f0072b627fc2ec94328236f1852fe3f9542aa5fc06385c8a9d41d1f898cabe8bb3a64dedd1bec3a593a7470f187274cfc10b27ce6e5bbd76d6b0a1350be5ed5baf6a9f3a157ad528d3b76ee5ecf7661adaa1d3f6951be64d99d3a259cbad5b09c5bd0a94aab531f5cf85f1eabad4bf12b67efdfaae5dbbaa6f4949497ab353674e6edcb5e9c899fd9d5a379a32b8f78125732abcfc74f5bc59723ef98fe1033ace9a37b640c9dc1bf66e7cebdd77f61f3e2274ce9d4c73bf082ccd112c781516ec3a977cf1ede4f347df397a21f9ec968d4b932f1c7fe1d6ff79ed8e5b469628b2b04eb5b5ad1b4fad57b55bd9d7eb14cabf69d9325d7293766fcc5db37cd39e2d7b8eedddbe6bd3f8f1c3972d9afff6c9d3d2dbee1dfb77eedad3a777f75eed9ae77fecee827fffe5a46a85a796ced6f7f93b3a3ef49bfe59ef1d5b3a47f547fe5af9c5470fad5a7c74c7e6f9b3a6177fad68bcfb165e8462045984637ab1c4ddba7fd941ed62b1c7c778a3cd12259a71beb3a26405a36c312a0e19841f562e5dd2a965abe4d36f0deade7bebda4d174f9f3bbdfff0b87efd6a162bd8b556a5d16d1a352d9a7b488b7a2fffe38ea513279dd8736048df2123868d44b09d3b77eaa8d5aec58b176fd9b225e592c9c9dbb66d9b3b776ece9c3915b499336722e1f8291316ac59b4fbe8aef5eb97766dd364c9c4518b460fcef6c83f1ecff4a751c37bf41ffc66a5bae575e4074f1d0d89f8d6898c1eeca32c8558a9865dfe3b9f4c175e3c9b7cfe74f29943a7769f3eb173cac02e0ffce8e64e795e1e982fc7b2bad5a7562ed139cfcb8d726629f7ca4b2be7cd59b66269950675c62f98b1f5e8ee8d7b361e7febf0ead58b470e1d3477faccf327de39b8e7f0b69dfb52fec5d7d001859e7db85bb9029df33edbfcd13f7778e2f6ce4ffea5fd537fed98edb16cbffd61b7eae50e6d58b36cc18272e52ac43f7ec131b76490c8f1e9c5e2f50c3e240a5170069d128449f02df684392584659c98605ae29041d286f5ed9a3679e7f8899e1dbbac58b42c25be2f25f76cd7ae52a17c3d1ad72ef6dcc335f3bfd2b454e197efbf7bcffa75b3264e99307a7c9f5e7d55aa5dbb765961c3860d38367bf6ec1d3b766017e2a95a1d3b767cf5d557f3e7cf6ffcd6f9b38bd62e1d3669c4aebd5b268e1db262f6e48d8b66e77df1c9a71fbc73e4f0de25cb16dcb62fe9d8b9e317922f9d39fb560ab5dc6006c13ed28816f0a7b0ebe28573ef5e7c2bf9fce173c78f5e3876fac291772f1cb9fbb73fcc7bf7ade36b945dd9a4deae8eadc7952b52ffe9071ae6ce5a21e72be3860c9a3c63cab049e35af7eeb27edf96ed87b76fdbb379ddba659bd6ae1ad2bbdf92598b17ce5b3e6eeaecda8d9bae5fbde29547ee9bd0be59bd971f69f7caa3830abf54ea8f3f2cf6c71f65fdc5774b3df9c0b47ebdd62d599a3b57febe0386a631bcd29a5d7a2d7fde5d9b377668d75e6375f4d8a99327de9a33637ac5d75febd0b8d68f6ffc8fc31b1797caf542aee79f18d6aff7d4c95366cd9e5bb56a75b2507fb57dfbf6cd9b37ebb5e24740162c58a007d398f5eedd3b4b962c0d1b366cdab4e9dcf973761fddbb7acb9a311347ad5ab568f98259447bdf37dbbd94f9b1ca954b6eddb1e182f275e260ea0bb1e433a7523996c62c2d122cbeba313877fe9d73172fbc937ce9e4c533e792cf918813c60cc8f6d8dd155e787441dbc6c9eb571ee8d3b5e5f38fbe76d7ad7572befcc23d774e9b386ee7febdb3562ee9357ae8f8f953e7ae9cbf68e99c891347eedcb269fdb29597cebe7be4f0692d0825447e3cf7f0fd9ba64fe850ba50cfd2059b657de2851f7fb3e6738fd4cafa7cbb4ae5964e9dd6a34bcf2fdff89d636fa52097611f6e97ead6ac367af8107c183769eaeec3c74e9e7d67e3e64d35aa579e347a60bd2a2592df3ed8a456b93bfefcebfefd7a6e48dabcebc081befdfb2d59b264d1a245c43c7619a86064aa360ceeea24e2952f5fbe5ab56a13264c68d4a4f19a4deb0e1c3fb06bcff6ed3b368f1b3b2269e39a250be73cf3e42303faf73a76f2d0c56479f7f8854b17c1f4f6db294535ad599a23d8c5772f9c3b7ff9a7c279fc9d0be7a99677922f9ce5c04ba71bd6af5c2cc7f3cd4b16bcb46a61f2feddadb33e9fefd65f14f8c7edfd1ad77ef2eebfbfd1aa45a75e3d2bd6addd63f890cd7bb7efd8bf3d69dbba41837a2d5d3067eaf8f1a78f9d79fbdc254bafdcb265eacc59f97266efd3ba45ef867527b66f55fac98706d5adb16c70fff9830795cc9973dcd05177dffd50ef2163537e72316e25c33ed82e6ddeb4b656edaa35ead46eddf9cd753b76d19a074e9e68dda1cdf0e1fdc78ce87b74ffa6668daafdf2973facd3b0568fc1fdcb56afd6ba6d9b3163c660d7ba75eb468f1e3d63c68cfefdfb279a432beedebdbb78f1e24d9a34895720bdfbf6993567e6e1c307a9d4f113462f5db670fcb851f9f2e6dcb96bab3def265f3a7bee2d8998d849fd2227cd59da22584a1eba78ee1d9d57ea87b74f9fb9f04eca38c57dc9173a776d9f27cf2bd5ca14a5efb74f1ddfab4c894277dcd6a34ae91a79b20c7fb37dd5d225e7ce5b3079f6bca2e52acc5db972c1ca252bd72d3f7870e7e205330feddf3571ec98d5abd6efdc7b60f8c40963a64d1d3a7244b9b2a56b942bd3b141bd72b9738cecd0fec0f2159be6ccab52ecb572455f7fe985ac77def3102a6ede7d20836057b54ba74f1dcd99eb953a0dead76dde62f996ad87ce5d90bf9ab76fd3ad67e7891387eedab1a663fbc6f90bbd3a72c288e59bd7d76bd17ce6dc3968a3ddd286252525e900c7a5fe2a0e7bf46323468c183b766cddba75bb74e9d2b56bd79d3b771e3d7c64d58a95c3870e5bb162190ae1dbd8f1e3b266cd1a57f7dfbbef5e94852311fb2fad712ccd11ecccf9b3e7537e384a0b969cf2eaef9d942272ecc8d1556b5657ae5aa956ed6ad52b9519d4a5fdf1f5abc6b469b17850ef79c3fa34ab5aba5db3869d3a74dcb9efd0ee23a72bd6aabf6eeb8ec3c78f1d3cb0e7e4b1838be7cdd8b3734bfffe7d3b7479b34bcf9ef396cedb7b64cfd1e387460c1f5cae64f1a27973972b526cdfe62dabe72f9e3e6642e15cf9efcb74ef1f6fbd7dc2d419074f9ec1b1349814d3925dba74feadfe7dbad7ac5d6be0c8d18bd66edc72e8e8eaaddbbbf5efd7aa5d8ba5cbe724bf7b6af8f0de356a57983c6bd282b5cb1ab569b96445ca3f6ddcb1630729b876ed5a856bdebc791d3a7440adf85d60ea18d158b26449adf8febdfb922f249f3e747cdfcebddbb76e3b79eacc9c050b4b952b3f74d808d7967c2f9ebf00a14b972e48ca17922f513a1904bb9af1d5e9f3a7df0982a95a27df4e5187a7dedeb466c31b2d5b77ead4a965cbe679f3e468d7bcc9d9fdbb4e6fdbb468ec88360daab76e5ab76993062d5ab7eb3378f4e4394bcb56ab3f76d28c2d5bb61d3f7ce0f4e10373674cdabd6bebd6ed5b9276ee3c7df19d8bc964e7b133670f0f1cd8b3628532cf3ef9c4dc1973766dddbd61f5c6d123c68f1a31f617fff39b37bb764fd1a5972eea0033087655bb94f2c36def9ed7356dd8b27dc1ca759bf61c5ab27e73f91ad5eb37a9b764d9ec93c7772358edba95c64d1d3b71ceb40ebdbab5edd821fe91e5e1c387972d5b865d070e1cc0b43d7bf6a056bcaa75b455ab566bd6ac397af050f25b178f6cdd7374cfc123fb0fefd9bb7fd7be83058abcb663e7de0be793cf9e79fbe2db2904731be7539a88f3b27306c1ae660876eae299b3c9e70c92df7927f9f4f9e4f3c9a7f61e9b3371e69ae56b172d58dcb255eb1ebdba8f1d3362e592053bd7af6e50bdd2538fdd5bb55a85a2af17cf51a070c192953af51edab86597ba759bf7eada73e99cb95bd7ad46b00deb576dd999b464fd6a7c3d7464dba993db172f9c943dfbb3eddab6cc9af5e5d9b3e71e3c747cefdea3c3868d1b337652e326cd8074e9dd778e1e3bb077df8e9418cab00fb3772f9d39bc2ff9e2f96e9dbbac5bbf79f2ac456bb7ee193b6df6732f655db878c1922573664c1959af4e858a155f2f5eba58dbae1ddfecdbab7cc50a042159b860c18255ab56cd9d3bf7c48913f3e7cf57d62e5cb8103fef3b71e2c4eeddbb67cf9e7dd19c79170e9d4a3e9b7c70cbde092327f4eed53f6f81a21b366f57adce9e7927e52f07a4fc14c2858b17cfab60a72fbd75ea4206c1ae6a78f5d6c5b7de7ef76df5eb92ee2be51771251fdeb16ff4a0e1db366d5fbd724ddb761da6e8a0860e9e3777e6f6a48df972bd9afdd597c74c1c3d74f4e846adda54aed378e088492bd76c19380003576cddb061c38a65cb16ce4ddab261ebae2d13664e3b7ef6f881834933a60e4bdab4f4f5d7f357a8583a4b9697a64c9dbef7c0d17d078fadddb065d5ba8d4d9bb540aa93a78e6afd52ffcb20d8552cb5829d7ffbd8a1c37d7a0f68d3b1dbfaadbb09f529297fe56b66e74e6d7b76ebd0b451cd091346bcf872e6412386acdab0ae6dfb7673e6cc59be7c3952ad5bb76ef1e2c50a973dc4e1a64d9bb46193274fd68f1d3c7850112bf95af193bb0e1eddb267db9a4d1d5a77fcd94f7fb970e90a14f25fca1f9a4a69c192cf9d4df96337e72ebd835d672f4acd69cbae19c1ceffffbf90d1c0c778dbfe89ecc2250d6bca8ff35ca2108f1ee3cb017dfaae5cbe62fbd61d43860ce9dbb76f9b366de081630b17cc2b53ba648306f5d072e8f061b5ebd4ab51a7febcf98b9b346d3968d090b5abd71c3f7a6ccfee9ddbb76d99356bc6d1e347c64d183f7fe1bcd973a69f3c71d875f2e4cd51a142b9279e7802ccfb0f1c5ab376fdbcf90b4f9c3cddaf5fbfd42f58dd432a801f6232ee955fdd3a25bea5b5331e3c1c62a72d8b99d79f9d3c91f24f1c0eecdbdfa347af66cd5b8e9f3069c9d2e5e3c64fac59b32668de3e7b66d2c4b123470e7fe185cc63c7db3da169d3a62b56ac88f71c3b77ee1c3f7ebc5e6bc68c1928075fb2d09af69391c6cf3df36cab66cdc78d1855b16cb9e2c55edfb42929c2ebb2e3836a570cfff9290dd9b5af60a895a0d9a7b008c70853516b4fddba75c909e2a14993267adf091326488fa3468dd225ebcaca9429f3f6db6f531a3972e4d02bd31ecd9b373767cb962df15376bb77ef96172da58786eba143878c376fdefcfaebaf5bb950a142f17b91f4038eeab98993785f7cf5ece00e833c069ed718e59c185fe65c9ef46f609c1fcf4be921cfef7ef7bb3beeb88363a9070ee419cd55debc79cb952b07b5fefdfbab4b9a2e3bb168d7ae5da8650510c41f003879f224a001473dd6ab57af4489120f3cf0c0debd7b532f9562478f1e4dfc6c57bab06b4cb0200633b8bceb135a90ca0af1333e1852a54a1545e6f4e9d3d9b2659b32650a5ef5e9d30748a6356edcb87af5eae6a86c0f3ef8a0eda2458b7af6ec896070b208d4cd1c3b76aca5d6af5f8f75f63033df78e30dc550a28525a4d14fdb0dcb468d1a9960715449b9a18f6d71cf89e4628072f114b1e73ab62b532a3fe04078cf9663b364c952a14205be55a39a356b7624f5cf9761912dbc4e9d3a05d31d3b76c87a0ec980a8483a32f9b4489122b16c18975e1ea513bb66048b749eaa8c2e9b8f9f22b682600c00c6b366cdead8b123d7f7e8d1a35dbb76208150a434c92f57ae5c6030ae55ab56e9d2a56bd4a8316fdebc5ebd7ab56edd7adbb66d26ab48260f1a3408672813658a1441b3ca952b2b6b0a609d3a750cac4f9098bc74e9d2fcf9f31b581337ae92262c98005b78c5237b5e3bdd763c7e988fe92e2c3ebe451e897f64801e2c51ff993145d0b973e7ecd9b3531980a03264349221d0e17c458976001ce74373e2c489722203937297274f1eabf96829a7447818a45c3b3dd8b5ecc1de43271fedbcfce1635b78106c929f15c0337cf870c0d4af5f5f9e43b6952b575a968b151f8c8a8baa729ae3a79e7aaa6bd7ae64bdd23473e6ccd5ab572b4de4c7e0c1830d162e5c08451c234e5e7df5551a06631540e50ee416b7dfb59e7cf2493935b88163a937f5d1e686ddb920106a4e7f4ff5fba4c5307d593c758c411308062e5c4111485e7842404e9b366df4e8d19c8c48fc4f530c1830807058bb76adbeda512848acd487fc8554d29f26d952b088c52355252e97f6eddaf760ff4b030f3fb2a81e6ddbb6edd7af5fa54a9594323488df4f885d284431c2cf4712510553a0104c9f062da70c1d3a14e59426258bb04c4a4a422d5233c80336005ba476edda88e75cec2257dab76f2fd7e21583eb552a8fdb1358e2c0f6f2ae54751403473d888f576aa7ebd2d0200651ca62ecd971c01e6cc999332711618b6920c02e1283fa80850c483422951edb210e0f6de25c2742cd4c6d58acc6a5a222d6fff889ef73b76b49b070315f30834f175b4e6491ffacd0a54b17416f4b30142c58f0d8b163684639fcf9cf7f263962dad6ad5b5bb4683166cc98d75e7bcd64b58bf6b39514e542c8c9a001a76419d8dc7ffffd76922ecd9b3737c718df943efab365cb9696052a4bb9a10f3147f107e4aa13d20a88c8086e3e26384a02d13f893dd7ab45058be4c275a9d929c5c981ce33cf3cc3b7f7de7b6ffc210e490d73a84169918cd7a1c98008a60733599adbb3678fb405d3f865c0f9f2e58b5f16120bf2b3413a5204d792601c4d5b730d33b832b57f7c834d7893a954f15e1e18f5ead59b3a752a76118d7ff8c31f2846133010e5d043a1a31ecd19316244fc9387ddbb77ab5a08e01463281ab825721f3cf0a64ffaf4e9e34473c848480f1b364c0124542ceb1eae7effae8b394201cf9d55b468d152a54ab92bc5533d4c3c02ee7d3a3fa417e387f767d2d8136e2c5fbefcecd9b31f78e001ed1641a88e8103e59c2869a21305612013c14bdad2c58106887a01298f983721a1686c2dfbef423079cb365e0928fa65ca94f9eb5ffffa9bdffce6c73ffef17ffdd77ff169c3860d79c7518927f299530c12b5fefd16ab05427cad7d02cfc081037bf4e801032d56fefcf9b54957fec347fd157d6f8e10d7228f4bfd2dcd84a2fd2e4481c04f4183a52266be9b212fbb75eb86b10d1a34809943aee2c422458a981cb7cae236c099d8234fc78b7e63ccffe94f7ffa1ffff11f1ed623c7eff7f4f1273ff989a85218cd89629e7aeabf97c12e06f14b75a80fec5291e2affbca89fc231341c7cef9f3e7f32abc408c57321dc5018850896485754090e01572c620eddb27269887bc3262a26afde94f7ffae217bff895af7c45a8fdfce73f8f5f7afe83d43fd129e0e8efd00cb16557d2e3fdc6cbcc80aff548f3e6cdc3049587c050be1e7ae821a9ce520996ca8824a2a3152b56840da69188ce55004d53b84811282a5370453c0053f61d3a74d074e9ee50da84288055ab568d7b8b7c1988ba50e81fe5285a0e4ae69e7bee41a49b6fbe19b57efffbdf7be4f89def1ef997bffca5a796685c2b1e39c8f66f653ce6d965a2dcb97373fb830f3ea8dd5291a806698ec6e14c88f03c140ce840a66726f5cd811719c99cf2f2cb2f631a946365f9f17a7e8b28f2845dfce6644ca3ac2298e46f5ba126ce98c1af7ffd6b3bfff8c73fde78e38d3ffbd9cf445b9cfe91d10695884b554bd06388f248544881b972e59a3061424cbb527a81e4cd37dfcc9a352b7148bbeba3644d10ba167d0f1b8069c6e0ea3666cd9a653e12222da6a12b5cf14d0ba705b79a9bc4702112340b76310bda4aba1a034ffdad6f7debb7bffded6db7dde649bffffdef4b2ef17b733dbb5ce391bff18d6fb8284e4625fcb7b2487f1e9cab399ce8508be8082a9a08e779cee4494663e318a6295918858793274f464229125ef64b9ab7de7aab05152e75cc9a094191f6ed13132c92c7debd7bd14cdc7fe94b5ffaddef7e8748828c49e1dff9ce7728a51ffde8474a9920137377dd75d72f7ef10b11c92f11b25771d095c9a971e3c62422efc3002a356ad450d0e2901a620ba42832a6d11efae956ad5a192b68e693190ca3142504b308d6a1937a4849121ea81b7f2918c1804aeedb6f35d48d121a96a8d831285cb8b06751a6fe9c6a1ed3337a52bcbae5965b94b2ef7ef7bbf1ab7339416438e5cad5fe4d4c52c304ac9082e5be02050ad4ac5953836a4c41208fb2864ef8634c2b82c04c630931a589dfba154cc80994fbeebb4fc282940513c92ebdd82726988714d3784259dd74d34d12b61812618c58126dea18ca89b32058fc310bd3c4e21d77dc114ebfbcd6075910866142e7ce9d45fce8d1a391c4b668d1a29aa5a068942f6c54ee680679b17dfbf6254b96ac52a58ab1ba2711e218723a171b0129ffc9977dfbf66ddebc3906162f5e1ca95c22be319365efbdf75e2d38365a30ae62f113274e04a86ecc47254e7dfee637bf29654828c6ea98672792fff6b7bf21983d1c6282c7473964d39ac66aff56a6f98c4e49fd8188cc58b66cd9ba75ebea96a346a11352e92f6813649383468c18018e42850abdf0c20b2fbef862962c59eebefb6efa102edc2b8aac4646a62e9f6eec13138c452227aee49520121d187f98238a98208bbf91a321c137f1a72533e023ee4e50e8034d10db8ac876eddae9a6a64f9f4e7f03a367cf9eaa9043098590e874710018641b6cb4d4941ea6e19b028ba584871e1a311a366c88e1a54b977efdf5d7cdcc9e3dbb9b993d7b361ee2986bdd7ffffd58e70630ca2518a5fa1e26abc61e4a81f2448a9867240e65164fe7233a6117870808d9872b22bfc47dfe7b1a1c1f7df4d1ead5abe7c891a35ab56ad091e0c0414d2853f1cd98acf7ca2baf3cf5d453a6c54bac471e7904c7f8f9873ffca1ae9bd8fedad7be7679c5ff5fe6a471fb3415cc564df0c0ba0e61f4f0c30f8b302c126452388e19a8575827fe3050901988bc3fa4fe05fb58e7c32cba2fb98d3e9c346912cdc0c68e1dabd98d09510da2090cb32753a64c2e21fa1f7bec31f90fd9a44c654a16d09865ce9cd94ef8b92b65b07cf9f2d8f5f4d34febf15c8874945065d6c71f7f5c2f6e4104432779241e96a196adee4e3fe9e9304706f1684885691815c9c53da85a9e974836472557caecf42cb1cebf8f451a959e2a56acf89ffff99f9217f4b95d45c222c94e2acc99332716a1df3ffef10fd162a0c4c1eb81071eb8fdf6db29433b1531f2c747798a7ab4e695d0a77dfbc4048befdad501bd16974930f1b7a7041cf208b5a860a2cad8562e8ffa260999c64df440bc8bff3013dffaa86885d51fa98e7808e516f5e460ea2faf5661a84d403297d007ba1f3c17e279f3e66dd9b2a5b0960b098c279e78e2ce3befc42e03b89291cf3efbec5ffffa57a452e23400ea180113289291111c7109e3440f66354f4d0a7a16d48a2acd8cb12e8a397327218971cfcc7fdb2216e9295bb66c5c44484b402a12f2a8601d3b7694e06ebbed36d9594e14189cafc43568d000cd942c33a54b18f16a68ef9b6fbe599e4dc8f5d42ba403fb08e01329dc83c5531d397244914118cc114c028bfb84357619d823da6c4313721307e11bede4a38c2ee00a172e6c9d9082a752ff8cb781a24f30e87a7149e1ead2a58ba6c87e866983060d7251744a156effef973933f9cc4711ec7e5c05d3dc008eb91ff8c97f64a18fd015f1f7dc73cff3cf3f4f8dc8a366ba961e0075d158caf050d6710f96f5bc6e29da45639750eb1c55873d8567b1a047c3310f1b0fee8a2e6da78f1ed96a066abb04444b4b19f166329242eabdff3f8be74a8c4d70c52b9d6fa78f09aaa717830e99833cbc0105ee926eb80816f8a346497f60e23a3091184a9c9a06b5f0308c708c0927da012dad998ebe04631f4ab02832123c5ce3f534131c3eea85849a9092a76dc59004a37af020dff105e350bd0a01e9902a27f238110fe5218e134089176ba267dfbe7d8b162d5ab870e1ead5ab4512fda9e9423c71bf6ddb36fa0d1362f27bcc3a9ae9b81f38c19270c53457773903850bc95dd17dbabdbffffdef32a83a66278b3f39eb23dad88f0f5ffce217478d1a7579f57f5a944d7a32f4a127c531b172a525d8656b9d60978fcc8007e8528b60488224c1618923912f3cbb9d31e6e7e0983d6e20dd518b81581405344205b5220d7120ce8006a970cf474e038d6af6dc73cf91090e018b93114cf932963ae5a9dcb9735bf6fde9292ddbd52a98ec6e4b8f0962f2ccd647db5ebd7a795a49da930b62e12bc244922d276217499d274f1efd4f9122453854788966fbf9311a363a5305135e114f1b366c3870e00030f6ecd9c37dc13773203461c28421438698633e136a1194f6b0a830ae85c9907003e43ec0c474a02817da0f5d8700064e84c725fac45155c5fd6809f4d9948c3bbce1861b9a346922b2e361ad2fb9b80d81ae8b73ff1122b6891a15ec6206cc7ecffbfdef7f9f2b7c444857b7758a0565dfc85c08834ed637f8408219b8688c998f1e3f3133ed1b1cb94ee78c60b060e113ae1033ca173388b0e15870d8a3a0091e9039845d0c3939395ed58a9c4876e9c80f572318354817d1c4c2b150a1424290b212cd02d4938bd708a688333986fb84efe38f3f5eb060c13265cabcf6da6b520e9af1acdccf4122587fa2c8c4b758e229ea8f8f73e7ce9d3a75eafcf9f3c5df983163344228ad3beaddbbf7ae5dbbe27e22a91bd846edb2358dec740f509111b1dd85c04984f8082da951224000810e3654b71f9c342101e39e29d2f8a31e458b16150d4e84220e07c7c2c4b72705b60b19880960c783630ef368bc61a788712d7bcc71331ce22c97a3122faf956aee1c612e7f4865326fc4d8d3619de8b433c1b77467c104e5287eb4852b7886c4e028700497b89a0f39cd0463e830ee4a95177fb14798399193f91c52d089d7f4d703c1e219aa55ab9625d570265a9752a54a091a0f2f88b98c77b84c5ac22211a6c9c1ab2a55aa142850e099679e413621ae8b6508c06b3cabaa6867ad99376fdeba75eb62972e4bb56cd1a285b3183eb76cd992248b7fd53f6fdebc010306506eea8c996b52ff78f6ecd9b37152e97be38d37e83a18804d8102893b11e28071873ee2151423ff897bb14e81e039f1a9fb2a5bb6ecc8912315495a71f1e2c5ee5f11436fcf1ecd6194918d1b374217fc9612313ce08aef317e60787525df0c448f7b704bcb972fc72bab059d8ca364459ab85204da1fd785828c13343321a236bd18adf1e52f7f192e72b12da7e109cff30914a4692111d0700eb0a2d49b064787024d3e04a5d39d0be82953a6249c932eec43091658366cd830de6b172b564cf7893c0826ce14019124aa3c3cf77119d7d873fffdf79bdca04103854bf92a5cb870c992255533a71b2b1a4e2f57aedcabafbe8abab972e55ab66c990a86333367ce542dd52e3436d3fcaa55ab66cd9a355fbe7cb6763a05f11035789b295326d77ae9a5973267ce8cab32a5a3a1e055da68b4ec79f6d967b5ce74a03d0f3df4906aacb1c6408b23b0eb56a85041525cb56a55ce9c398b172f1e4729db1a356ad08a952b576eddba75dfbe7d1b356af4852f7c4182f08c6a75e463cc1119b69e5d2838aa5a2612302f090b4123748c0596db90a7f8d043f1924b57ac5831f597c334905c640ad6b66d5b9da1ba2d8304e512ef5a54541921059b74621e87b8906eb045621527c8834ea8c2332105a521fe34873f2396f88af730302a980926db23c608c5c68d1b8737d28b7d28c1226b2a2c11a3d8226485a9a755e8859107e63e718366d20c5f7090ba8f5a75ead4114642df2951c134300a1756a004df09b5104e8a891367cd9a9594943471e244b18e21aee2a2e88730a8656029418939cf3fffbc158c5d457d13afd8e572786b8c21f88c15caa0a3c6416963879c622cacf3e7cf8fc98aa10e4179dcb469934a8854988cd85a32a77b5e93555a378f7b58ad70b95b78d32a91503c2fc31f81e2892420f399ca4c515bc489ee397bf6ec06eec1b3b873ae8874e0a3538c3d2669c03c1df3441679e4914768d7a86f81084b47995bcd87ecadb7de2a3640ef718cd10cc7780fa3823fbcfa9def7c275501fc8c4bed94a4a27c996fb20c857b5867fcf5af7f1d46aafaf550c124cb2ba18d170c9153255d3453dc3d369e08b2e8be6426f1a75060972897a4c5288e7df39bdf0c91c041c879f3cd37c7eb9350a1c64d9b361d976a2e8106026bd8b061e20cf13466f663024a4c983061c48811eac9a04183faf4e96371306023a23ef8e0839020f050116c10558ba26a097d5b06636c898a4710f6ebd76fc1820556b6eddfbfbffde4a2da689a3e135d853e7e62266ee083fb07bc671107093de3b978c085006fa6a746212c75a2ba6d8f6a1c0519ab31cd25ec745441c67f5751c40cd0db98393d5e550bbbc18307f38fc2a58809a9741455cccd13d5940e2fe115cf4bafb22ddd110163abf87ffbdbdfe6529413399c895db07316a68928065c474d762816b478a25f4dfb76b5971c1f685841c3d0d6d41113675cc353b61c614f04a29893f5058afd321087da8f81c67c87a8091fa1b17668e9d2a5f3e7cf8f1ff45cb162c5c2850bd7ad5b27b0624e4c16615157135f34ffe77ffe67a43db7013964b6c53a75404108fc442aedfea52f7de9ab5ffdaa34292fd86f71d2342eea5a48aeebc373810e45249f316386c6cf9e4e9d3ae903c5bd6c123286d13994a4879289914d6513404aabcaa370a116aab8014455ca14b4208fda8566f886e1162453d5490adc1e471d325fadc33d1c23872411de96dab8cb206d4a23fc8f44099a78bb1ba8e186d4031dea4e7af250321d6880a5741bf09ef2451f4ab8d1b59aa96a3127a2931469ccbd8492a337dd7413cff3b37e35e5c2e9c43e31c11859250a3db35ac13551dc512bba32118c54b6cc1ca4e226858b834cb093e3621d71c3591137067a30412faaac1fefb219d84cb34dbca4368e53149640315e158a6f610a3c1f8d85359263855b5239495997c643ec8293c2a54ec68f71a88d43870e6dd5aa95741069927a4cbd78ca1dc6e5f0d04359cd9332bc8da7b3b807b727ee44ba3576159790507c144942242515df720bdaa8b4224c46d70d0ab8184bed6aaf43762a9be431d1485b6ac32411f7103793962dd81559c0963f6fb8e10615c9d3a18d2ddfca381e90a9e194028770208edd78e38d1145f2328fa951129653e44afee14fd3f83610d4ba4718a417fbc40403f9e1c387b983e36cf14730610e1fd9c68047286f87a4797e94a244a1c896f885efc0810349416e820a0b7fd9da79ecd8b1c4775ccc51c44bbccef6d136803c72e488a5043d4a601424d407945340442a2cd522622f1072332e1dd49214004fcbd5ae5d7becd8b1b4628f1e3d5ab4680139050ad85ff8c217125f8227cc23bb1c82c1d88251bbc238c14e7b3cac7c6c110f6ea70777399736768a5b8d65ddffa953a776eedcb97efdfa13274e68ff94d3356bd6ac5cb952455db46811324b318b172f8e078fa7665c91f8c63f4d59288b6828e2bb0df55924e0093ae1890a060e3ad940474d15030b9da41ed3280b01234222d1488b5462642bce34d0d87326078240cb70e5d72769df3e31c1420054aa548986e10281258084af813813c4c297e398142e970b3b59dc7e1e8ca656a5b242bca50c93a4afecf758ec0965686b0c455b161344a11a458cc5bb0128925875ead4c113b91fcda0a81aa01f20dd216c900154ce62ee5fe7d3ba75eb0e1d3ac4efd5615a47e95301b1bed05745138447696902f00823263c8b87b56c240e5be3a0312e39e4d9b1d11e6e51c0dd86046ca9c423204fbc1294f2998f71148b04100b5e451a3260e624c669c720e5fe0d6cdd9efb1721fc4ffaa2138e797cba0ee5804503eb9c61a49813328e8a10d0e09864649a098e366ad4a849932670619d3b77eed8b163ad5ab5a8124a247e20e1cae049e3f68909166975d5aa55fc22e044ad30925d8260824fc03183a863b608865afa251f958e8812f1f49e7041a4c8eec2cbe0ca9e5e9c4568c2cf47f750b3664d697eefdebd5bb66c993871a212842a9a43db1a356ad4ab57af7cf9f299336756dc10cc4dba3a5ef5eedd7bfbf6edaa1f8b7fc9b269d3260564c9922523478e9c3973a620c03a970e6ebb2e8b8b5a4d1ef5989e8805c13ca9c860063ef283f2856652afd0310dd3947a1f755c1671c39ece20619ce05aae72f9f31566a7f00d3f18f349ec4f53c63971871e246263f2e4c9e0c004c55953ddb3674fb8346edc58fa53c46431d0a86384068229507a07999a9a1054bb77efe61f3d365052fed1e5d6adab57af8e97bd58a7a115035c01bed48ba703fb343d58f8b46cd9b23826aaa46a6124988c533453aa6af251b46114df19878036dfe9521d371958e4caac6c9c78abf18116408a392ece9225cb881123d4198444154838640c185d5cddba7555248a31be0f2014e5d1eeddbbaf5dbbd6ccfda97f9f0ab5c00f548d5ffcb60f448d1313f84505b3756f0e7df9cb5f461ef50acd52d3488a45f90a6a29d73e329443306905bb3cbe07efdbb7af07b79465314a185933681c666c4294eec8d03e26267834ceb9727e9a32cf92b85bda7bc89021142f7420c5cf067bf6ec2189795845ead4a953f5ead59f7aea29b94f8ee622058af6330134a26bc78e1db366cda29675c8b2de80010314314a9ece54bef827cdfae1fdf66908166f203842622614e91f03252bd8c54458a4707211f7bef39def20a120e35f01040c7e8fa50cf84bf4580d42f60841eb8bbff8c8cc3721c66126972e5d7afaf4e95a23b188274a9039aa13dda5d541b95dbb76c97c948699050b16240e31479adcb66d9b43a6190055ca54c7106fd8b061ad5ab5ead5ab97f88866c9bd5dd98ccd9e3d5baef5689ecbc3da62918f9e1785a48f3094f3ec06928ba30e7de31bdfc0cca83fee3682c3d359ffc38a9254126e49382131486b16f9d1dd7a1cb7cdd419454c936927c2003d58e161652e4c830e67f276bc6e050dd13165ca1428a8f09eda84499326a95acad7c68d1be7ce9d0b147be84c748d24955eec13138ca76cf991d778046dc4100a092c611781157251e4d9696c8f69a4171783212031485d2fc5622722312bdb636bec5ab631478419476a9720290de0d121f080963bb15f754218fb253fd732069543fdfbf7d76db749fd7dda3e6a021118d26aa064e92ccc943ecb952b87725044bf445db5be9b71753b318a4ad45e12bd41b0786a5bad9743f2086f04c1143463cfae8e6914df93748360973ffcd35c28619777a59a991ec72dbdff94cfdd68018f266f1a1b880a04d3212398c2658b391e16289c6c326fdb2973f1bfd42609c6b717d2252ec9981e13cdb00b227c2e1bc257dd1b33660c4ec6af3c4a4445dab74f53c138c836722af7c9d0f11593381358c8c67c147f82ef9bdffce6cd37df4c5f710a18383d758d4f6c622b62d4227adfe6cd9b038921e1f2e5cbe9078700a694418ee45bb66c197880640f54eeb9e79eae5dbb06f0680948cc99316306bca5553b1d7ae38d37060d1aa4597256e272f04edcf3c08103650a44421b5c52a0f02a98f640ea4f9fd03ca196f9c1537308697ac30d37b89958e1fa33fe87085f45064412424ef7c5c34a0d594b0ddafa08086c211dcde176e898a62ee5ce9dbb4081024b972e059fee8b3c8188c487639042b6356bd6f4ebd7af5ab56a68a655967daee7971c2c022ec11615bc52a54a220fcda4ed788b989046993265e2a9d4f32e9bd865973f7c6c8b141e83060d1ad0f13003125fe3898f0e01438d0221d5ae198b1ca9c51a376edc134f3cd1ae5d3b62525983a23b670a1dc921e902de58f3a61d6fd6ac9950b05a6490282612b0a2e706befbddef7a347d1df2e8bbb0e8eb5fffba6ca2a691cacc7e1c3341db29bfe8ca70cf3d5be4bab4d4727bf92587c75cbc7831e127436117aac85cd41dfae10c0f8343b4e8afec8f1f0195a0b18b6a58b870a13d0095f840033b61e3ac9021a3478fd65193f19075a180265dd8272618afd97a42de8cd4e5234788daa14387f29420fbf39ffffce28b2fea79123f3fce2971a22427520d3ea9392baee5bac58b17772de9cd45dd8302d5ad5b37038b531af8d6bd7b77828461ceb469d300e3c6d012c64818b454fda452d9d1189cfa69fa50cfe65c2c7521cf984804c81c636550e2c02234f39864309ae9221e7cf0419905a3d4b71ffce0075a53d47248ded1ec8513ae6f0b8855246a45da52b53850aa6adbb62dd7f928f1a9e4921d38242ccef7d1fc0a152ae4c89103eb08487e96ef400c23540ca661a371c848fe77a1cb974c0ff6890916d55974c647d193a8d79e3c1191c6223e7c611baf2ecc649f2e9d276869b55cb972c97ca8826062171fc68e1d1bbd2fcc74d83464887e49d1d19e3d7b366cd8b054a952081628ba374901452913634b49bad241fcee3e4cb394c41c995270a45cf89f4f9d376fde2f7de94bb87447ea2f23082ea15cbced2089110cd99435ecc27ca7b856ea02d7b3c105c14838cd3605881b8006932e8b7b0506aaa0d3e0c183718ce7915052433689581b3631f5cf82818659cae9443bd0310dc190b364ea1f3725432e5f2f9dd8a79188c25a1d37109a210f0410a770a21a221cf925f633216eeb689cc2a2947d5273adcba3e4e4784f0545770236249129c90f87900a5460704b0e6ddebc99f6e8d8b1e390214372e6cc2911921c7882e726b825288a03116035d52cfe198ba21799c245e5857816f593992c0e1e7ae8217a983ed47d451d8b77f45ffbdad788c31ffde8478e625a8b162df0dfb5526efafa356ee122d0738e4ca7640534b8113051e6318dee90bf56af5ecde102838c97fbcc79fae9a7870f1f0e2fa770afbc264864c3908b9095fe1a356a041a7db2a522f1a50bfb3404f3d882c64372d9e55dffec55c212e37084808e146e7f9c987af093d995d7d2eff6eddb57fec316d48a1783d43f56b8d0a851a324451755c4b4d16a9a82367bf66caa15964a2ece38aae2897ecac4e38016de16ac5cb972870e1d4c8bcb45be888b86cc8b42ea72e88a5137de78a32276ebad29bf0987fdf8c73fc62b2da8daa59d3353cc5ddffa90cfa52198f29534ca9f24a2e60aaff0471f852a4444242cb58b0257a31425eadd041f6d3367ce8c78bc8a5d50730a2328a01904a327e1d2bc79f3f84310bc9a7af174609fb2071367c2d4c096530ca2a9e5e22b99e6e39531caad7196f4167b3ebe59cad66a0c7fead5ab477ef0bb8e0b67a0a252419a8d1831025a28244dc2c67eb2c416c10892c4f79eee0adb9d0e6f6023983965cb96a570e81cd712131116a2c743a19c357d0c2dcae4e3871f7ef8dba97f5125eca69b6ea21871cf2d85a3825d090f5c97c63f61bc8415f40568700cd9541e4eb6051004293df58d37d00f9de4be418306111db973e7c634474166265e0930858e9e172ad2a8c96ddab441b0faf5eb639718b87ced346f9f98601131f190b611466234f5e0651a88454e14c7c23df6382ba233c631f844e672c2ddb25caf7c152f5e1c5be29b7e0c5785c0136567f4e8d1b4becb010673d42e1fa994ac59b33a51be0c80adc3a84188623e4a48b7afbffe3a82f5efdfdf3a8934e919458f07112b9120f05328c4d1c8c76205578955e162b2736dc339d7bde115e784f371e9b9e79e93d1083cf58a6700c1e1e4b70157376dda94c7243e0ce4701d1a8f713b9521c181cc1ce6144845a1a31be1a58ba6fc6bd4a8817e71ad74619f46227e2e86aeb6a2d640827ce6996768301c13d33010ca3013e5e6487b625de603b671b76edda06bdaf3cf3fdf27f5dfc2c8b240c52873ac003cd3ec1110254a94d038a9909117a28265d8550c229747a91821864456a14205187135dfda890f91b320d5b56b579ec71ccee770552e9439d90fbe00d13432014c73e6cc412733710fc1884fb8c7b5d28ba51b82a97b708aaa820cbffef5af6bd5aa4533285c32a2ec68a746d951094f11b313c1500bb472a16d81020580640eb2e9cde00a7e18dbc295449c3a756ac992259b34692253caca9198532f9e611f6a514c221349733e6aa88a162d4a08cc9f3f5fa9272e98d4867b4094bc0881f83960523c443e6814b1b163c76aa7118c3804991a680538120b1a6c0b2a5f2fbcf0423a2a5f2cdd108c812751587efef39f172952444a430fb81215b07ce38d37245470a293c499949424894e9e3c59fe034f9d3a752a55aa142f3c183ae11889026c8d999c0aced2a54b5b5310b80a2049dcd42b67d8875a64a208fa688df2e4c9f3ecb3cf962a550a5bd0031caa10d18836e0038d3d7a2a1251b72c09ca684c6ae3768a3dbe899e3e7dbaf265a07c499d4b962ce9d5ab9742a7bf4d5fc23b3d112c50241e20aa2d96cca8444d918c88605054d0f0c434adb38fa4086ab1debd7b0f1d3ab463c78e80d42b23953a668ffe6dc890219006a10a06c572e5cac59b7a178a562af5ca19f6a1068b8490c61f637efefbdfffae8811ded04127904967a3468d92f53859d57288111a20a858b1a2a38d530d8b264c980020ca82c8d43c2b5fd21fd13170e0c0f2e5cbe361b4c1e9c5d213c1a27c5183429fbab8fdf6dbe3df80f0b84c29b1f5ebd78fde304722240e65503a442ec419fca1fe4d50e54891f887cc32284455300453094d06368e41d722a9af24332ad8471850029718d3815c7df7dd77537db21e5024291cc310ae36203494260e87cec48913290b7452a9e4cab66ddb76ead409a980cbb4c788673572d1e93d7bf6d4da216106c13e2b3b7dc5cf58e9833365ca14eea6226ce913ea020c8e8244be24f97009af6ad6ac69a7432a1b44ed54d66815106ab7504b4e9526a5cc2a55aa9428518298097d183533c3ae62bc14048b5216d11fbf364b8e0399a37865ccffe61c38708076e07f604970d9b265b302110117e874efdedd210031621e82c4a473d53dea43a294520996d42ba70f4b370483931e2cf105082f93223a63d8c02cca1a5eb56ad5ca34f203afc0d3b97367eca2439c225fc6bfdb0312d8f4cd2654af5e1d7e08e65c7cab56ad5ab162c544894532cad7c731052ad210f2d8865cd4faea90d51f458c27118c4c8088fa76e8d0214c2334f4c65ae2060d1a98afd0496d84833a66e6a2458b942c8c4242850e40f61087ba686b261469bab07443b00877bc0a38c3cb850a15421b158c21982a04158a1fdf888d152b56f858a64c19339d052770d21e48a83dd30fd0f756983d7b36c5a26af5e9d307df4486f9622283601fc7100c16f12d65ec09a151b76e5dae96b960813f49494914a02c061d958a1aa7186fbbedb638053a7a36dd57cb962dcd848ea459bb766de04aa080333f47ea5f0f53cae294f462e9866030086d902862525d2887952b57c203ae069486f2b57bf76e04dbb973e7934f3e09ad988f81952b57261d612f2f0a08a6e91a33660ca12f65b668d142962d58b0a099e64bbd7162865dc514aeb0f02798c294235850ddaa1612a20ddf6ac074cbca948f9442efdebdad105fd9376ad448e70c82c1830787ce74d458115bb66c99c205e8ecd9b3033dd1f2a50b4b4f3d58100c7880545ef85ac90ae1ae824171fdfaf5921c82e1ccf0e1c3497c15c9fe78b10b5de244d305699d3416295306e48753400ece7efdfa21a1f5cd4f3039c3ae6297e9f53e82c96ba441f9f2e5653d42510ac3375c92fb40e0d02bafbc72e4c81105cd224848aed7ab570f70a61117a021ecd5ae2d5bb6380b4c00cd9d3bb7fd81667ab1f44730865d84873e6ad7ae5d2a4fbe7cf9060c18000cb25ee14236fd314888c339a97f371dc76c15348ac54ec42357ecb1205ccd8f3725242514dbb46993728d541337974719f6e116046357724cd9c11fd0e878b564d3a74f97fbe444dd9744c6c968e6dc2098f948a5a38eb750f8e6238a62176102ee850b175ab054a9522643cdb5522e9c1e2c3d118ca3e1c7b906fc2e17527a108a5f72a88e55a850217e6e43f2035581020580114acf29a405ebd8b1a34c096c10dabf7cf972b5cb9874a13309482ba45e2dc5007f7994611f65a914bbcc31a616f17cf3e6cd8b172f2eeb75e8d081704092214386c87d2a1b878714078d2dbd8078e5ca956bdab42964e3d588060cbe26488e12283d12178a8c992e2cdd100c66e80112db887bac20f1e32b2cd5cc1e794eda439259b3664984f1134f707228b0b455fa104f1be6447b4c30592504a13a262c860e1dea5a0e31d78a41867d1c4b61d83f39a670f1272648611842e62d5ebc18bba80c3a9cff2f9f936ae1701c93fb72e5caa5d02962760285ec07f4a14387b403e817d027b44cdab7744330b1cee35188c2cbd8326cd830e2de98c7d51f045bb060815286330d1b3624ffa27c25ba29ecb2c5221c035baca33753f45054b2c45841606581e250461bf6492d38c69429f54abfa4bf25bf1525d08c1d3b76e2c489047ce7ce9d4dbef23552028b279e7842c6c42840e3e792254b8c6540f8162d5ad44ea044ba4c17969e2422d8408266a1100cc68f1fbf7af56a72115b00691c28da2f17c232908822e6742706a8993367d6213851a6f4914a042afa8173e0c081204c779932ed582abfde9d3b77aebe2bdcab94ad5cb952f2621478b76edddab76f0f9afdfbf79b19592c411b8d96448954c07294d060848945aa55ab06b2d89f72a5f460e98c60f106299a601c802205427e0485b02bdeeaeaa4ebd4a943cddb29e7412ec06331c89d3b37f8b501c66036906241b871e346043327ce8a6533ec931aa47875e9d2a5b258880ed02c5ab40873e8436d70a3468d7c9422832a68630b5c163f330591844ed16983d81ea54f1a8dfde9c5d213c13ed06444adb00100c874454c9a241d116c40aa8150ce8bb4079b68a9274c9850bf7e7dc02b68ca973d242214e990962d5b5ac41e4703f8301f632008222c32ec2ac6d554a20e8ae7031a5548fa1b376e5ce3c68dfbf4e9436298c6e1319f296254baedabafbe1a9e57c7e438152ca6c11a390d8018af1f190ec7206d5aba271808094218c86d7cad10cd9c3913c714312ca2f565caa044e83dc0835ceecc962d1be0b14b8e74ae1355c528623972e458b3668d69e6c76403dbc89d9896be92e8e7627842756b83f5b73a2ba2033a083668d0201a5e71ebd1a387714ce6762ee5d830fdf3c89123e53efb81e2f4d0f3b679f2e4a13013fec7b4803574662095a62cdd138c75ead48902a14950051e8b172f062a30e6cd9b275faa48b0015b1026814dddba75d5b71d3b7640083fa558405a64e7ce9d0e152f5edc1cac8b9c1aa724c89641b08f34be92d4f0040adceba334271b4e9d3a9540b047bb4b4470bbc9e817fac2185294a4764bc5e37c00410121e1025cdc2b5cb8f08a152b522f92a2266ca36530087992a6ec7a2058b366cdf4d0478f1ee55f8a62c3860da405b6004f21a2e901661a22b15077f0001895023f06a183070f62e69c3973543f0483bd6e01e4486b0b7567615a826c1976750b4775efde1d1c3c4c238046d6f391e71537e8a01fc29816c4e067a9d0897c2e2daa7ecee2794c038d4e4cdb3c74e8d03265cad4a85163d7ae5d89ab5836081630a5294bf704931a5bb46811a5064fa018af74b76cd9021efa5087163f9c6142e448a844e6a32df50998698f69c421954f6122188015319191728d2bfea50c8ac620c33ed278b575ebd6b000847cc787b6f1b53ec7aa42d0d18f510dc113b9cfa1c8800e511fc122f9d17cb96fc488115d52ff2c41cd9a3513f292011d45d1f2f2e7b464e99e6048d5ae5d3bc829415188900d8ae82447928e8a5baf5ebd0892486f60302dced5832953a15e4817a13066cc984893458b16d5bf615a7c751684bc7290611f6991fb643a3ed450a101da1087f4c5e6cd9ba1a32553a6ba76ed6a72421fa69e9a92c8d437e70294b094fb34d524fde0c183c1ad0d6bd4a851c84ba23d0aa0cba59e9ab62cdd134cc46302c0200142442242e24b2d34830d60080c78c4fc44aa030c1435dc20473933491192b24f9f3e6fbcf146efdebda944f975d4a8517162745f41b034d84ca7350b27d30e7a304ec31f5568f6ecd98a9201800c80251b962d5b96ff512bc1ae70ef840913e4c7bd7bf72a807081265ed9d9aa55ab264d9aa863300a6a251466cac969ccd23dc138570a5cb76e5dbc7192e1a449a58902213cd08676a731aa56ad6a4240087b3a04a826e8b82451cc9c38712220e10d36aca3462a56aca87f23f7e342716e102c244d865dc54254c74f5d731768a4393a1c523421e71b2b416a5483060d962e5d6a72fc0c40781840b366cd1a3e7c38829115a62950929d058943e9922a81a9eecbe4846e4f83b8a47b82712e00a43ace458fc993272f5fbe3c904324d202c7243fa974d9b265925ce0c7224d3ab769d3a6268f1e3d5a667514b550148aa448bd7af56069715709f8c3122d59865dc59064d8b0616a0e4de8234148ae7375942f8ac318587dfbf6d5fa820f5b64317e0e68280b6db073e3dfd4a26890ad6ddbb64ec12e18a9666626308db299a62cdd130c1eaa10f2d08400400634c3ab508ca845313290a01024ae9413b63a2eed16052259caac8e92313ec6bf0dab56ad5a287ec80578817d4605fb488ba09f3973e6b871e3d42b2949c9c228188186aba5339a1cd3f0a74e9d3a26f32a4e0205cdf8d9e4975e7a8912193f7ebcf9721c882550124329730a310f20f313b92f5e90a4294bf704830a14a54680418eac072d6c80b167cf1e10463f2d8f121589ec180db1739d78d75d775961e8d0a1d109e0a4dc293bda59b972652ab14c99328817e05d59c732ec2a762cf5272d6801094b695288e43ea06054b4559c0cb278d35ba24489382b91f8a433f03dfcf0c303060c40304933883467ce1c1f41a376c52f653970e00074d4b75821ad59ba2718bfab42c0430c5e4624284a78e021456c916de7ce9d721eb912a76051e4573483dc0f7ef003c54adf25473a0430f3070e1c8896da83962d5b2a71e22308664e94b20cbbba7194ad7ca70451042a18978286b82028b89d9f436be8cd142258f07042ecc983c64f3ffd74ad5ab5a64d9b06cad8a99d9e976aca17f52ef769a125cae0731ab4744f30866074884a05240527be7456bb64cac3a97f670061de78e30dd8044924bc04c1c8c89ffef4a70d1b369c316386b31c424ea7a860c8498d54a952451db37824570c8cea97615737ae9689d4ab499326d175f674efde1ddfe4416ce164658d8775c8e0834e783541b02862f9f3e7cf9933270a91973c6f4d206a079c62d9dab56ba31fa4102cf81c18a529bb1e08865184842d48b44c6a110851428e8c37bc3ae9f2e5cba359c080452031b075ca134f3c51a850213510d84408664ab1f1250c4152ba74e99a356baa66c00b7e6610ec635a38b943870e9c69102a1d3470412d1211d958fffefd15b7d4332ebfe03588244841dc7befbd68a988c54b6030ad5ebd7acc98310a63f3e6cd95bef8d70f572aff3465d703c1f44e4acdd4a953213a78f0601e9f32658a5427ed2d5dba54691a3e7cb82ac4fb0c4fe0e42c401a0346222445a4494911c152df896c9074f506a2a1468d1a458a1489f76080b4759508820cbb8a856f0d3a77ee8c603092bfa4bf7823c5b768c3e708c3c30e25ce0a92c008c1b45bbff8c52f4049c323a443c6929d8639fae43c79f2cc9d3b3791fbd260877c3d108c21186a45138c60d48824377af4e811234668bd24d1f8cb880c3d02f8a099b1ea77cf3df7e8c5fbf6ed2b71ae4dfd7b993ee2dbc18307f560e807429313d8c7c70cbb8a858b9044e1d2006bb7c845b8b468d102583022f3608439d9b36737132e9ccf503175819415b0e8dbdffe364c319312b19a86cd4e588366e6cc990f3ffc30616272a09941b06b6f9c4e3cb46ddb16250842c507612439cd58d3a64df5c1b6b973e74e34602cc406b6805351b2cd94291361097b2bac4bfdbb6f3449284611404046ed62217b3208f631edd8b163a4fbac59b3942c5e6dd5aa1559a1e668badab76faf76bdf8e28bf3e6cdd3095f3ee17d56b870e11e3d7a487308b663c70edb8d1b370e1932c42996cd9a35abce3966063469cdae870ac6b3f83071e244bc22ea2027cf61110034c1cf3fff3c11782584a74f9f4618044333036cc14039b553a74e5a02f0cbb58425ae5a44db50a64c9948902c504c7cccb00fb344b8ebb8a43f550813080a0463f4a1dc57a1420504bb0abb589b366d243e1a8498c4aeb071e3c69d3871c29a897f9ac9d266d6bb1e08c6b3870f1feed3a78ff657b38427c4033c283d18142f5e5c71538b54aa44031d85cb38e2409fa0632611a55bba451d730abad2210e356edc3854a5d3835a1904fb484bb888ebca952b474170388050450a231300a431261aafded0eaa24b972eddb3674fcd1b3481b27cf9722ba88d30222ea0ef12b148c094a62cdd138c4fe3dd201581515024ee19c9477b4c4dfda395f1258943d14401e33d0493145f7bedb5fefdfb8353471ee0590d5d2d4b259ac3024b838462ccb0ab185f05cd9a3469a26ac971fbf7efd780a963c4c5e4c993cb972f3f7ffe7c13ae527cb4003972e40081f9cc0a305ab162058cc896aa55ab9ae32a814b1a4c7ce99e601812042324483b1f951d725192a3d489131824fc0ead18d813d40aaa205bae5cb9687d7120535a500da4f5e9907af5ea592af5a4ffc7ab3837c3ae6e6883545c8d4e2a18ade823f5ae04a1d9a449939e7efa699ea7c323d97d98152850400553f12843d06017030da276e9d2c50497880a9641b06b6f0981814e8407007879c2840918327cf870421f2a8e06b5009c3af7727275ae6d24bfead5ab77ecd8d10ada71d3d44065ede4c993644cbca7628938c820d8475a389c6f6525148245b8914a8ce4d5b46953b23c72567c0bf28106a056ad5a4994c4a145cc870b6d02e837df7c53ab6c4ea2006610ecda5bf8145500804b421f0de26b16322f5fbe7c14450200f098198cb2d34c63bad196de68dfbe3df0b461da6edad20a478e1cd1002478150a935d3de366180b59ce8242c8a04fe6b7ddbb77630527972953465d72e8eaac90ec54bc060d1a1087f1d3a46bd7ae95409da53746da2b93dd55a4e6e765e99e60a402b772370bc1801eb422f030246fdebc478f1e8d2a17bcb2353306b2ac43a74f9f960e9da582019ee115a1a83dd8b76fdfebafbf6e7258a2006610ec232dde0d822608d0a953274c53a9387fd4a851b29edcc7c33eeeddbb3700fa40030da4e80b8cedd0a1836288604a9943763a9a788b681a8b71dab1744f302a2e0826e8e34fc5320c41b0d1a34723988ff0038ced55801407ad5bb7deb2658bba8757b266e7ce9d05c480010302421113f80994c8ca19761503ca95114f0df22a98ece1e1c18307972a556ac78e1d4441c017d3de6f0159bf7efdb47000953ae3abce6ddbb6c12b8e268a582203a61d4bf7044b181a54a8508102c10a28927c3d7af42857ae1cef83307ab3cb533fc4faf4e9b36cd932fa1ecdc8188a118a4a59c096784162c18f5c2ac3188f05c1e4be3163c6f0248ec162d5aa557dfbf6050dce9890a0c7556cd0a04194c5b061c3e2353d68f472f07208c7122b24347cdab1eb816081a2aad2bf7f7f058df9283bb66cd99276e77487e0fa91400a02bc72e29e3d7bc68f1f2fe9c697d74e87e2950d585c31c3ae62e1708e62bc97949424e5f1a1dc4413f6eeddbb7cf9f291b3aece8aa8510b172ec4abc58b17ebc424c1dab56b438a3964c11445f1cfb7c129e7a425bb4e5e7230882283a468ccd10a5a8b162deaa6fe999c987375824168e6cc997224d4294c046bd7ae9d1aa8f4458e0c0899c503f50cbb8a257c1e025bed8aafbcec9101870c1952a244897069c2b11f6860b52525a64f9f4e594067ddba75f5ebd71f3972e4e6d4bf596541d70293f1d597fa5c2cdd132ce1538970e7ce9d43870e85818e4bcbd4bd7bf7f805bd5170cc4cb0f1fd668ecebb5bb76ee03f78f0a074ab17efd5ab571c45aa409aa54114d3a671292c001122a24b972e6a17bdcdc3d8922f5f3e89ecea592fccb95bb76e95ef56ac58015963e25017172ff7ad009a20d855f0fdbc2cdd138c731908c109b0810307c2cf80f731e4e5975f8e436642e22a1202427a839e3d7b1a30129f14c1b738ea1251b56cad9651c13e8ec95321ff8245356bd654824ea4fe353d0d558e1c39e6cc991313ae625c8d36478f1e6ddbb62d9d694cc03b71c48811503601fd20626b2698e2acb463e99e60c063282159ca708861005a627df2e4c94f3df5149e44cd31274ef9409368d7af5f3f7cf8f020a1d3d5c30e1d3a5c4927eb0484c1d80cbb8a711197264a0a44ba76ed7a38f5eff4eedebd9bbacb9b37af2e373c791562240e0d183040f93270fa860d1b264d9a04231fad108b5ca932d28ea57b8225decc92e675ead4b1a54324396912c19e7cf2c9418306499348122f3fae623b76ec18376e9c201016b2a3f8d083593ff063281a119306814c6b168e9292b8d1a05ab56a53a64cc1ae5dfffcc5a3458a142954a850cc8cc95737588015163a6db96fd6ac59b63e42360092583fce3aff624b3704939fa25dc693a8450a17872280c4d6b973e7ca952bcf9b374f7a53c4e890e5cb97cb792d5ab42853a60c0002e63831c1136b3247ad8957b06fd8b021d84c9e3871e2a2458be20b4d97605106c33e52d8fcfb589477de830e44c2cf095e71ece2c58b73e6cc495cd08734820129ae07d347152d5a54dfebac40364cf24ae42feb300081ac71e3c64e943d172e5c387af4e8a953a7528c70899969d6d25905e350dc084a5cde959c9c274f9ed75e7b6deddab50b162c983f7f3eb02181603eca9a8a926c1720c112604e8168029bf8177b0262fbf6ed18859ca6451cf4eddbd7a110f7a8684e84422c9261614a47fc60142ff19e0174227949582fbcf0024f02c21625cc848be43526d5e217d3c382cfcd0f96a62cfacfb71706f166b84a952afb52ff440b91a2859b397326ba26263b17c4b6f131ed587a2218e706900931a046fdea57bf6ad2a449745f20a43d94202244099226d534940333a822a746671c261a0212d8d80a0204831fa60545fbf5eb07cba87b0cafa27625bab20c93ce6cc321dc285b8533d5994c9932d5aa556becd8b16bd6ac51a9b66ddb46dd6ddcb871d4a8513366cc20e0e5c472e5ca998c27099706672c12037805e8d5ab57373fd8656059450c3490756e826969cdd25f0fc6a1d8850ccf3ffffce38f3fdebd7b7758b2254b96009b0e912089757db0348978808cafb32e9f9f5abef08a05722cdae51a356ad4ab574f4e8d5ff88c9f23478e4454970bf86d639061575ad473db83070f1a707edebc7923f18d1f3f5e9d619b376f56be243e63d060089b3b776ef3e6cd7143058bc4c7bdb267caa2ffb420f09021432a56acd8ad5bb7fefdfb831ea6a0317651a7088934ab29d20dc1000009d6b3674ff855a85041df25994d9a34098b14ae65cb9691827224991e054df99a33670e89186f872d222f46e94b48440b06b42667c992452fdeb265cb0e1d3a004f351b3870a0151c75168aaa81016424e90c63829b0f632cc7952c5952c7455aa381aa4505c005a9a8c1d9b367cb833ec20840b0b3d3842841e15b022134050359a8778ccd962d9b2ea069d3a6d25fefdebdf10dacf1f79a9913a103d334d81ba71b8285afbb74e952bc7871a11fc8897e0358d28aca1445477e486fd3a64d933b21cae813270200491023b22cf311b47188aa7cfdf5d773e5cad5a953274b41518858b07efdfad12448abd127a49e9a16bfd0fcbc2c11d3ca7eb162c5de78e30d959f2c0f8d0db5c18307b768d18233070d1a84815847da9188a02131e2dcf798358f1f3f1eb9cc0a529e36bb76eddaa0c1ae468d1a590a2ea54b978ef9e030194001689ab2f42411a1d2a64d1b591078f8438e2386ca4369c497faf106824105916ca34c852504219e40c2e4d08d7a8322458a3cf7dc73952b57161fbd7af5721503ec826bf6ecd9e11d053061817d86b12018ffb76bd70e01142b3a02283485f4f7e69b6ff2330284f03399e7a1165f5446579cb0485b269085a111f8b96ddbb6ca1765d1aa552b2c850ba661ace6ed81071e08c4d372be4b4f049b397366bcb408f911ef0ce90787b8387c0d1e448a4c168c223900498404498254099353f1ea89279e2850a040e3c68d0b162ca899ae54a992ec48933cf3cc330f3ef8a0e0706eb4dd912c330896306ee11c2d96ae15a3204257dbaa4e764a70095f05c7383051f4028b93274f5ed977592dfaaeddbb77972a558ae07cf5d557d5c6f2e5cbd39fc0c23409317ffefcb7dc728b1c9a5830a12fd294a52782f120e57020d50c3e9d43811178005e40048ba0f5f2cb2f93f8850a157ae595579e7cf2496d9e9d2fbef822684355064b0d82bd1996b06b820bb249910aa0b1cca843ab58b162e87604c334b85013c62fbdf41282dd7befbdb56ad5322d51ebc09a0639969e0826be6544098f1944b87f524b90a45bb76e58f4fcf3cf479a54b8eebbefbea2458bde7ffffd3972e478e185173265ca846f51215d4ef4a42e90120a016a86855d135c12326fdfbe7da44a8d1a35f2e5cb97356b56fab06ad5aa4051bb7c94f5e4c4db6fbf1d76244c9c9210f089172469c7d213c1c204f7ff26be45800459b76e5df80149bbdcac59337d33f951a54a15fbfbf4e9a35f972f4994cbe7a4ca9b84d4b1420c32ec4afb5fe212a61feedab5ab34a776356cd850c7e523820128b6a3468d2a53a60c391a5cb295f812bddc955f72a6114b7f04fb5f9a2088bf1bb06ad5aa366ddae8163a77eeac8726368007390992f620752231ebc5afec1098ea9706a5487a375e8dd66b46ea1fad97e666cd9ad5be7dfb76edda4d9e3cb979f3e649494992a06c18af851949a96606aba3378efd69cad20dc1f8f13ddac3c74f9132e3cdc7ce9d3bc78e1dbb70e1c28d1b3712810803d4152b56ac5dbbd651791178204730e368bae2635c340d66cacfcbae152e61f1fa77d2a449cb962d5bbd7af5860d1ba063a7343765ca946886910a283b76ec48a439195003f69edb4823966e08264509f1803320f43121dc3fbec973f1be91194428c88eb18781ca9c000f96b1332e1af760903693e5e762d70a17165e752e53cdace6a3fe2a5e4a31a48a6b259a2e26ebc504f3237ba6294b37040bf0de6381c127b2c026f81388c6cf49b1f8322d400af9612059ba50cae15403f0e55186a5dab5c2252ca401cf5b011c41360bc22b1a2d8db18f313391fe98f9665efe90962c9df56009383f35846178029eb7fef9ef560c581cc2a8d8023524a28fae4887c4e4ffe5a5af4bfbdfe3921005e164db04220e59d6f63d14f2511e840ba4d26ce2fbb77bc9916119f6afb40c826558867d869641b00ccbb0cfd03208966119f6195a06c1322cc33e43cb20588665d867681904cbb00cfbcc2c39f9ff02e8f349be2ac699420000000049454e44ae426082
6	biceps	Dorsal (Costas)	Baixa intensidade	\\x89504e470d0a1a0a0000000d4948445200000120000000af0802000000d270946e000000017352474200aece1ce90000000467414d410000b18f0bfc61050000000970485973000012740000127401de661f7800007e7749444154785eeddd059c5ee5b52ef043e5b494523bb77e2aa7de525aa800a1b87bb08484b82784b8bbbb1117e2eeeeeeee9e4cdcdd0921c2dcffcc4abf9b8b0439a1cca4b37eb07fefb7f7bbdfbdf77ad6b3d6b3f63799f98fe40ccbb00cfbcc2c83601996619fa165102cc332ec33b40c826558867d869641b00ccbb0cfd03208966119f6195a06c1322cc33e43cb20588665d86768e99e60274f9eb4ddbd7bb7eda54b970e1f3e9cf8187b588ccf9f3f7ffaf4e9b7df7efbf8f1e367ce9cf1f1dd77dff5d1a113274ec49c0cbb56c6b1dc6b70f6ecd977de79c7e0e2c58bb6172e5c80c2b973e7ec0441021de6630c8e1e3dea5c87c0147b3ebe39f103edf2e17fb95d0f150c843108b482637bf7ee0d448104d194c3ff64e3a953a7e2237bebadb702fe0cbbe6864b7ccbc3973fff33fa63107b023bc001c54eb92f98093b832be9f7312de5021f64281dac765716b7e7f2099fb1a57b8285a7e0049b63c78e45450ace2c58b0a074e9d27ffffbdf7ffdeb5f3ff8e083952b571e30608099b8a764717730cdc036c3aeb9a9487cfb1e92f88872b25ef7eedd81f2cb5ffef2d65b6f0553ebd6ad630240e118e34f612964fa20bb7cf8ffb70fdb7f0d2ddd130c8a21248254fbf7ef2730e09a376fde9ffdec67fff11fff71e38d37feee77bffbfdef7fff939ffce4bffffbbfed69d3a64deaa92986902c51e232ec5a193842413083d00e8cbea857af1e141880e4be7beeb9e737bff9cd4f7ffa537b1e7ef8e19d3b77c64cd17f65f5fb9896caa60fb6cb33feb5763d4844455fce83a2d2147bbef18d6f7cf7bbdf95205f7bedb5d75f7ffdd9679f95267ff18b5ffcea57bfbae38e3b00f93ffff33f8a5846ebf5d959d4ae086bd0d0173e1e3870a054a9523ffce10f7ffef39f3ff5d453458b167df9e5976171df7df721db9ffef42763e8f4eddb37ea5e24cd4f64c1a5f79b1c2a1163ac1b7b4feff7995aba2718c917b2108af050bed0a94c9932cb972f5fb76eddd6ad5b93929266ce9cd9ac59b3cc9933fff6b7bfbdedb6db88463493359d15393256c8b06b6811d6897657126453a74ebdebaebb264d9a74e8d0a13d7bf66cd9b2053ae3c78f7ff4d147bff7bdefd9de72cb2de0fbfef7bf0fbb4f27dde3baefb7cb87ff69f6e058a2c67e7696ee092629da2652ddeeddbbdbb56bb763c78e5dbb766ddab409c16049754c9e3cb9458b16152b567ceeb9e7a8c782050b4a996ddbb6fd14efa932ece358c4ee951a412aecd4a9d3c2850bf5c6b4c6912347943548698c5bb66c59b66cd91c3972142b56ece9a79f7efef9e7b365cb8690ef27c6475a2a9b3ec02e1ffea7c5ce7f411dbb1e2462708cb3d06cc28409d3a64d83e2e6cd9b5533d21fd3a4c98d1b374e9f3ebd73e7ce3d7af4285fbe3ca1c26ebae926278299a5ae9461d7ccae7c81842aa0b1a769d3a6ab56addab76f9fac67bb6ddb3630a96376f6ecd9b37dfbf655aa54a954a952e1c285fff0873f6cdfbefd5314b160cefb6de5ca956bd7ae752dd715156ee9f2099fb1a57b82f11d7a2844e1b25ebd7acd9a358b26c42ef26fc58a15c0335ebd7a35d5419c8c1b376ed4a851ad5bb7ae5dbbf6edb7df6e82b332ead8676184375e497c0082ceb265cb34575010e28486c427dcd9fefdfbd7af5f3f6fdebc193366488e5dba7469d0a00119dfb163c74f21e1a266423c448d4850157ff2939f68edbef6b5af7de10b5fb8e1861b1e79e491d1a347a7e6d5e3686c9a5b8af84948a16b65e99e60d13ea1597cac56addadcb973813a70e0c09123474a90c0b33d78f020d18f60c3870f5fb46811a475657ffbdbdfc81567fd0ba4c2bf9b25be3566829e87399cb7951128a85760422d3443361ade477869d2b464a8952f5f3e12e353bc4564d2a5cb51a459b366c52becfaddef7ef7831ffce01bdff8c67ffff77f1b7fe52b5fb1ffa5975e8af41ac536aef5e9ae78154bf7044b0069200fbdf8e28b952b57261a4158ba74e9356bd640519aa40a00c9a154e2fcf9f3c9c5c1830793fbfdfaf54bbc41ceb06b68517c948544ee7bfdf5d78b1429a282f17cad5ab5860d1ba60d8b0e19708406f53e67ce9cfefdfb1b98ac0d8b133fa9210cd0efbefbee1b6fbcf157bffad577bef39d5ffef297ffe7fffc1fdb3ffef18fbff8c52ffeebbffeebdbdffef64f7ffa534234322c36c68941b06ba868d23dc10019de61dcdaae5d3b450c970049692058bcb0c2224062dad2a54b376cd8606c7fc3860d15b4d3a74f5f996e33ec9a5842ddf1edb163c774536a9794a71996e6e43595eaf0e1c30eedd8b163ebd6adc6d8b577ef5e6378e9a5913056f84416d72d58b0e097bffce5bffef5afbff9cd6ff0eab6db6efb6daa61d7cf7ffe73833ffde94fbffef5afbffbddef6a13444be8a0d8ba61d23165ad6b61d703c112f946be949014282ec39f254b96d812214cb2b473f9f2e5a1f8172f5ecc9b2d5ab4b0d3891912f19a1b5c22d6753524a22d8ee990c97558e0d8ca952b653dcd92ac670c14b96ff6ecd9494949e61868c6c017ab7d226bd3a60d359829532635ea473ffad1f7bffffd3ffff9cf6a1746fdcffffccfcf7ef6333b518b7454c168454ad259896bb9bd6b9870d33dc1c2504b2e84a2d4a83ae9986d2542d509841ab0d5ab57ab66ba2f5264dbb66d24a23df9f3e7bfe64d6d8685c9599c0f947879c0a64c99a2fb52c1e012af3a42d51be31b76814635931f498ce6cd9b43f053a0831e94a15eeb873ffc21294828e2928f48a59a518cf8865af8866cfff99fffa9a07df18b5f4466e752b35462e4856b65d709c1384545022a658f3c2a15b12135aaf5d2a4b1caa66a018f50011b5c070d1a54bb766da7c40f0767d8b5b5c41b761e8e8240502c5cb8509adb946ae847db1b2098f23576ec5812d14c0ca4124b962ce9944f41b0264d9adc74d34d68a35e2962c8f3831ffc8032fcddef7e17acc32ba2d1582953c16eb9e516ed995a2784b04b46b8bcd035b2eb8160896f3301b66cd932fdb17468a7148875f4868f8407d8c68d1b3771e244737c2c51a28482e62c39ef537cdf926157b744e18a6f5084af44f6c0030f28561484b19d9485548863f6cc983103c1543930f5e9d3a76eddbacefd14524da54218ecbaebaebb0cb461dffef6b7314adfa570295f3ffef18fd5b1e8c7d02c5e7e7cf5ab5fd58d47ed7257b1d435b1eb8160f19e0aa32445f9af7af5eaa0422afd159711249135098fae5dbbf6ecd933b226e5adb845f97a4f0f866f9819ee4e2f1639c23d0bcae8d113ef7e9827e51c033b4de03103853de688751e6051311cb59a9ee47ff3ceda9db8688c637d83cc9933ab54d3a64dd3158be3e890090d773275ea541d1a821d3870a055ab566866bedb48bc8464d6714beed97e4fe1a387b27528f640564fa534e10ca6a1d9ef7fff7b44220e6d110cbb142b0473c800df6c51d19e279e78c23a1677c58ff9e0267f64905c0f048bb7ab28c1d7aa56be7cf9484149117e3c8e72e8a4588d1c39b275ebd643860cb14705bbf3ce3b7132e29219383de0140d1cc7222cd285057faeb4883ca60b8d07993b776ee7ce9d73e6ccf9d24b2f3df9e493afbdf65afdfaf5753e0e991cae480434b2c50af67c6418bddf9c9bb825578fa5ca9429d3bb776fa49202d42ed58c629f356b96deac5dbb76d17741334b962c3ae460bb20c61c2bc422508635332d75edcbe690fb9440b5554420c244a542adf8885174a3928551c886810614a369f1c3c75ffffad7dd92907039a2e6f2baef33d775544648f82492d48759ba2798e7bc124879516992262305d2875a32d971e6cc990d1b367cf5d55739d17e7ac0385e3f02d5969b1850131166e504fdd2bebd27e098c789b016d072ca0b2fbc70c30d377ce52b5fd178504d7a1231175fb9162e5c58dd881522d1a42ef0ffc8f629be1712a6c8601081189eecdfbf7fc78e1d81e2e3f6eddbf10ae7c90d89ef95575ed1a1b9a25458a9522599511027ae6b35d0bc9fe76e559db41acaf9f8fcf3cf873e64ea55104941c3317b7c8c31d67102e3043d985af7c73ffe911f3a75ea14cb729d4b5bd3c05358dfd5dd037345e328cec662efeaaf3aaf870ae639b93ede67f8a8cb124fb49f2246282a5cf5ead5d398952b578ed047421e31c74e5115a744b27488071328023bf6a70b8b5b75ffb6ee1c5b3844640891091326881ebdfedffef637b95c3c45ebcfe46f953cfa90d1a347a79489d49f8108b25927160caa7c22034ae01237664d5bb451c104a52240b74307df8a172f0e9dbe7dfbc2c585264f9edca041837efdfa991f5767ee2ac17616634f671078c555240e2cd25f794c5c624a536c3d206aa95a88671b3b99c9eccf7ffeb33d0a6c2c1537ef66f810cf6504c576c182057241dbb66dcb972f5fa04081468d1a75ebd62d5e8abc5f3e242cdd13ccb345f6627c0d48c58aa7e87889b06ad5aa79f2e4218af862f1e2c5f13a44e23467debc7926f8c895a9675fb608b2185f096aba30de8898963b0c3c9aea8d5df2b7b4fd9d5433fec73ffe71fbedb747f2c62e4dc837bef18d1b6fbc51b58f75382a9e3d6a48c2211fdf9c62053710a11f144598ba75ebe24fd3a64d4b962c992d5b367555f9725d912ad9eddfbf1f4c7222b9611ca704851266c12bcbb58f091ed287a8121d57d08919c747864554a2ccf2dd2b2c66e2e4dffffe77fc69d2a449e3c68d0b152a943f7ffe1c3972849c7ef0c107efbefbee3beeb8c31e3d889b1754bc4772c7a53fccd23dc112108213bbf41bc62a18905e7ef96561d4ac59b31123465086fbf6ed03b36dfc130909a967cf9e7818405e69b1e6a788aacfd7c41982b96d1119494787835d02e89bdffca676ff7bdffb9e3062ba0e74b22752b8f03241e499cc754e4c6496c8cdef09f18f6fc1b1d826fca976910fae8b6643870e252bf6ecd9a3a685e8983d7bf6ca952bd5b1f6eddb53ef893b616e2371271e96296204709411e8bbff4c993279c0e05514abd41295f2ced0f3fee52f7f914d50e59e7beeb9fffefb1f7ae8a1e79e7b4ecb87eab602067ff02a7bf6ec0628243bfb886c458b168d7fbc4b4e172b56ac54a9524e74398fe0d257dee47bec7aa8609747a9c48877ac5c6feb9052a6b84f9b368d1a09e5834e4b962c494a4a5ab66cd9b871e30059b9726508615dc8450645936391746411c72ca2d040287cf9cb5f96b6718c1a145e18f5d7bffe55c0493df62b6291d43521f2fad7bef635e2279a0a8ba0043f188be3940b7c2a8bbb32b04894b558b3468d1a43860c21ba74cb8824a329b601d6c0810367cd9a3578f0606423cfdc0f2ce26654d420aa6d4844967299e4e4d5ab57df74d34df7dd779f67545b30ca73793a8f76ebadb7aa6cf7de7baf262d57ae5c9eb1489122a4299ee4cd9b178bf00779d4a582050b22528912257c348103cdb413cd6266eedcb97d64d651fd54bcab3be77aa860b6b894900da146e2b1751dc0dbb061837a855a1aebe54b972d9837ffec99b78f1c3abc6edd0640ae58b1aa56ad5a73e6ccc3b1d405a097fcd6e933e7cebe93fca18929ed9ac78f089644a458e1855a64212e4516472491877232bd4094e3e3959a43fa31a7d0cf4ea7124573b83121c23f9d85c4b0084395909dafbcf2ca98316314cc2098b2a63156cd90cace0e1d3ab46bd76ecb962d2d9bb798387ec2a103876171e19df3fbf7eedbbc71d3c6f51b562c5b3e7ae4a8418306f5ead54b23a0c8087a8ff3c0030f285c9e3108866ca875db6db72956e4286a0573d0c629ca113ad919ffd6336bd6ac88f4cc33cf108188f4eaabaf2a6bcf3efbeca38f3e8a9c9c239ca86b57e1256550c5a311503d82f003ed7a2058e4451683c47ec14109f4e8d163e1c28582464a1e336af48ac5cb674e9e7ee9dcbbdb366d5db5626dd2a62dab57ae5bb16ce5a001437b76eff5f65be70179e2f0c973a7df4ebe98fcce9973c9972e2760263e2c726503f0afb7440a17a911b8611e367895301de6b7bef52db491bfc599984324b50bb50cb45e08e6906d647a11691aa62164e2918360b651d682246ec0d5b93ae4432834844c4800162732848fb1f941ade884856f9b366d8c65bd458b164d9932858c47b0f1e3c7239b52237cbb7679b356d59aaf66c9fef463cf3cff74e6c71f7cf49e3beebef7ce7fdc9fe9de7beecaf4e273995fc992153d5e7ef9c5175f7ea15a8daadfface3771c083308f29b9c4eb446a101ff0046190c729e45fe6cc991f7bec31acc399279e7802e1b9421bf6fdef7fff0b5ff80247519b761238a8aea718356a14c943beca5cd4ec95022710f9404bf7044b98070ed4054700093949512e9c3f7ffeb061c3f868cdaad573a7cd1d3d64f4e6359b4f1f3bb369c39689e3a7ecd8b6db7febd76e6adab8c5e081c352aad6a5e493874e1eda7de8c25b978b58f056ff26bc44cc9591fd2fb62b7165087ffcf8717d88e076639016ee11f7b22cb6246a1716092061876972308e45291385262095c0320dc7befad5af4acc16e1c9f7b834a8e22a5c41dd8d1e3d9ac69e3469922a149c343ff8630e2f999fd0ab16d4214b76c479a74e9dca972faf925065ca08a1356fdebcddbb771314b69615f434588eecafe6ca96b3688162154a562851b844fe9c794b167dbd6289b20572e52b53bcc4734f3d9df5e52c2f647efe8107eecbf2cacb4f3cf5f80f7ffc03329872f3501eed37bff9cd9ffef4278fe6492383c47b794927d28a473607031db547d271032076c3128a0749a4094f217f71b24708cfc47ece31271cfe81763d10cc93875318504322326263f8f0e1cd9b37d7494b3c14ffe2858bdabfd161fbe61d13c74c5abb7ac39e5dfb870c1eb12569c7b4a9b30ae42f52a860b162454bf4ecde07eb8e1f3a8166efbee3ff94e088aa15c9db404ca75ee1f331410c69b7e4498d611f7795a0fd9123474c4030f9186144153a194454092304135551afbef7bdefd963bfb0d398c9dc3a19a2cbc3be87ccf1d49826c8e42c86639c3c7dfa74f96bd5aa552650777cdeb3674f9c69d5aa55ddba7589318542e377c71d77d069c6d9b265533d68b3a827b6f8ac3e481396725185c21c158c3c7b254bb6c71f7d22f353cf6579fee507fe71ff9f7e7feb5f6ffdf3dd77dcf9e4a38fd5ab55bb43bbf6eddab41d366cc8d2e54be6cc9b7dcbad7f889f8d220b3d91a753a26dbffef5aff3008245c3897261c651d53dbba33c16dfd12578953044e2de4498258ce7a110d9e7032ddd134c24c5c31f3c7830b40a84d42e1d73c58a15bb75eb06b9c68d1b5323c6a448b737bbb76ad166e6f4399d3a766dd8a0e9e041c3ebd56d94277781debdfab769dda14eed06fdfa0e2a5ba6e27df73cd8a841d3b74e9f8dd815b289a4c5222b7f5ee679133760101c63893b140723468c103df1330af1dada403045d849f34a0491a6f178f1c51705a50958172ff1051ca6c53aa287797c258b49f073e7ceedd7af9fee48ed42890913262c5dba94ab353f64d8830f3e68419d8c8ea868d1a2d895274f1e6ca1b518cee4cd9b17a3f43c1a1e6463e65ba44f9f3e821b6afa31f570e4c8919aa5810307962f5ff1d9673367c9f24acd9ab56b56af55a450d112c55faf5fb79e1e4c9f2cfdd99e3d7b66e7ceeda2bd4a954a4a34167952d9243a310329c653cb29c12b63fb3de61ffef007e5ce533b45d14330854b9a784f66f9df58ba279820c0b18447162c58006cd123f9c9917bf6ece9d2a54bbd7af5aa54a952a64c1990972953ae42854a79f2e4cb953b6fa5ca554b942c9d356bb64a95aa346edcb44b97aecd5bb4f25fa7ce6f56ab56a354a9324f3ef9b4d217b12b6d8bec08b8b8569a32d16febde78c3404e1155210545989062117cc823c4e35d195f952d5b561f6232ee45ad93f53193df4c2854a8d04b2fbd843c5a7f2ec507e4412df269f5ead5aa28ff08ca962d5b3ef7dc73ca11d58751ba9dc71f7f5c3ba492385743f5d4534fdd75d75d8218b71db55a93264df43648ee4eb44004bceaa71383a00599668c5cecdeb3478f5e3d870c1b3a6cc470838e9d3bb568d1029a4e747aeaa327efdbb33745c9bf9b4c79220959e8fe5d2b2ab394a1928730f69107b02bdcc23cac3d2a981b734ae8406b86be0db80d0458a45a91c07c640223f5fa57b3eba407f3a83367ce9429a96a88b66edd9ad6b71360dad9a64d9b8a090db422f666d7ee458abe56ab765d442a53b67ceb36ed860e1d9e94b475e1c2c54b972e9f3173768f9ebd070d1edae5cd6ebd7af76dd6bc65e9d2a5a55597a0b3f9d4807f53aff9f95880ea1e047742b1440f209b48ffc2549d914ac450542df1247923988f8249f6511cb440ca4bf6ecd9f147613188376cc21d43f4453ee24cbc9dc334d4527cd066d0a0414b962ce10afdad64bf78f1e2bd7bf72203a23668d0a061c3866fbef9a6fa493de2dee1d47fb33c66cc18e7de77df7d68e61254a5536ca53cf7404f5a0a6decd17d2d5fbe7cfdfaf59b366d5224870e1f3668c8e069b3a7af58b37af6823983860d1d3262f8c8b1637af5eb5bbd76ad9cb973d5ad5f2fe5f9df4d3e71ecf8d9336f9d3bfb36824913ca14b650bf1e595a61fc10c519976c7de40ad390907191c99ed4624124be4536865d57222ec99a101c43426670959048f70483f1b66ddbdab76f9f295326be2b55aa14052f02e0ba62c50af1a13d402d3b05c1bc05f367cf9fb77bffbe69b3662e5ab674ccb8b113274fa27f7813e429ffd279e9925163468f9d3861eec20593a74f8368fe8205848eab70ebfba5f9bfde12a482b42d80e7cd9b27b251429e5664542705e19e7bee919b8943bc1249b662489cc9e277de7927c228021a2de12e01897e7e13eb4a99caf0e4934fde7befbdd845d4d190524ce5ca959544698b3844031cd0d0a2b1b28906ebd6add380e146dc5858242328f4efdf5fbd12eeea1bc91784a42d31ca9a7868a969d3a6b984e64db7ac3082cfe292e39bddbaaedbb076e9aa25ebb76cdcb463d3f4b933878e1e3e69c694452b968c1837aa7b9f1e595ec93a69d2a4108ab6674e9c7cea8927f5601e19cd3caf1a65ac7c458a0933e6073b912a1210476126aac76dbfdf429627881434b327687695c0b81e2a18f9fef4d34f3ff2c823048fdc999494e4810522b9a2d5d677699d6553d02e5cbc68c98ae50b972fddb977cfc1a34766ce9e0569cddbceed3b8e1e3ea202ecd8b1c39c7193266edfbd6bde9245e3274f1a3f7182c22880f831bec5661f06c3bfc028165b0fa838c8af6a97a0548228b7dab56b238396067322a6059048124f894e4ccb4141a94ef1f3991a2155454d93d4c92726fe88a59b6fbe5988bb563c6934f1115e76ce9f3fbf6bd7ae78c5d5fbf7efe75b5d139e08b8a03d3336536ac37c9ac25665d30fdb89753d7af4c0a8144452bf41910a9b376f2e096abdf4786bd7ae7548db7cf0e0feed3bb7ac58bd64d3b60d078eefdfb87de3ccc5b3fdb760e592ed7b774e9935ad469dda455f2b76fedc3b6f9d3c75fae8f1e44bef4e9e38095590caf3f2409471634e8807648eda6fa78c4c4caa6392d14d37dd245f844070930651cade631cc20f89c70c7bcfc72b2ddd10cc5389278f1d129905f690a853a78e842d563a77eedcab57af65cb96d90f456107d1b163c78a800d1b361c387060ffc103474f9fdc7560dfae7d7bd7ac5b6ba9d52b57497ba78e1ddfb165abed96cd4952f2fc850b36246ddeb86d0b8e8d1d3f0e8115316bba8170fae758ca024be943e17533683f78f060ca8dbce101b940346388e851d2d14922c719d4b28d80fbd6b7be650e4256aa54a97efdfa749ad3c927139ca5ef3759df8f332e14a196784ba635b2b547874611484fbcad3be5dbf857f75c64abe0db12ab7a3305f3c1071fac5bb72e68e429b7ed74dceed0a103fa497fa03113527dfbf605d6e6cd9b5530aa12ebf6ecd975fcd8c1e9d3c7efdeb32569dbbae5eb962d5eb568e1eac587ce1c59bb75e3b43933060e1df252969737aedfa07c5d3c7b3ef9fcbba74e9cfcca57be824e9e45d690623c35fe304da054a22df4a451d322e3189bf9d0430fb967feb4bd8ae4fba4966e0826b084b5270f5ed9da034e212235d2339a66251eeadbb76f07b91c2974ec811c128296ac4fdaba65d58675cbd6acdab475cbc6cd9bd6af5db767c7ce4573e66d5bb771fbfa4d87f7eedfb76b378ead5ebb060377eedf6bf294695365ebead5abbb1cefc7d53f474b24cb04c9692a0a990013b5356ad478e38d37682dfa4a22c7b45b6eb9453c49db52759432e3d47fabf1073a50e57ff8e187cd7194d154e69055ce8db7261170b175c5e0cf891327d08026440f3440270cc17387582478e46fd7ae1de72b98f4273854daa54b975a448d028d8a173fbaa15e61292549792acbe0931cd15b71dbb63569e98259bbb7afdfb86ee99e3d5b96af5ab860d99c8ddb37ec38b46be5e6d553e6ce1833617cc9d2a5e6cf9da77661d7a5b72f5cba7051e9bbe1861b6496db6ebb0dcd3c97f48145320eaadb636c1be5eb6b5ffb9af6d2f312ab6edbb380f8036bd7a7b3f4241165be446a89b65e6c91161a6b995b7b20b0108ccc9377a5f3eea9163fe1264d0272c3a68d493bb6ec3f7af0e0e103dbb76f9d3363fa92d973de6cdd6678efbe6b162cdab676dd91dd7b36ac59bd6ddb96c3470fed3dbc7ff3f6246d9bc2a848cae26e407c583ceee17331b92348ee6612648bb87f8f091a699b440c95289e48a3ef7ffffb22cf58a3421a893ca116acb3f5d14c34fbfad7bf1ea472155b01e7a22c3ec6e5f041cd91b6f041fb8a3f76b2603e7540b2aa48f7dd771fa18e7e13264ca0062d55ab562d87d04cfba4fb820b2e611aece21dbd05ed44e0a913c735a95d65d1d4b11b96cfdb9eb47acb96d52bd72c3e706ccfae833b976f5c3973d15cbd7483460dc78f9f78fead77922fa514b17367535efa7934b51a7fe2452292df7efbedf1d3bd7cf25ffff55f0461142e89e6c61b6f54d9e29ee3d1aee10feba4b31e2c41308e1001b235fee01241dfb1634708498a4082b7564417e1e39a356b2819dac676f7de3dbbf6ef3e7be1ed7dfbf62c59307ffcb0e16d1a37a950b858e9bc05e68f9fb466ee82233b76ad5eb4f8c09edd478f1e3673e3d64d5a32158c9a0a9924c83e309aff6596f0805817078a493021e4a201d6b9555b4921fa0d14c22ba462b49f8f641275844848656bac6a894826e6045fae5cb9522f92625666f1d4ae6e6c10358aff114c1b26a975ebd6cd7e9736c776c18205bd7bf7c6a522458a901803060c98376f1e4e1293afbcf24aa74e9de01205305e9378107a124b5533dcd38ca15fd306754be7cb59a764916dcbe6ad9837f5c0ce0d4b97ce3e7864f7a153fb576f5abd70c5c249d3a6d6ac5d6bfaf4996f9d3883608ad83b6fa7d01b4be517c9420df7c8ca944723179907443634432dc4e30133dd185ab2c82074aced35b17443b004aef191e1cc0b2fbc0039806993108cea808d50285ebc3868f5e2908b7f0a0172f9e9c4a993d875f6dce933a78f27ad5fb375cdead963c7562a58b84ceebcb3868fdcb468f1b11d3b362e5f76eae8a12387f7efd8b575d5fad53366cd141fe5ca950bd7bb0183c4abbccfc5e21e501dc1682aa1696cff95a5951376efde2d7410ec8e3bee90b3c519168930ac8bef7fa2ef0add184d9a946fbeb314168b046363f1d826fc1f87b87dfaf4e9f42181a0ce7372f0d08dd5ab578feacb99332789a1d0210c0da6344d9e3c397bf6ec23468c50a3a841e4a445a3b51b376e9c5c2663d2b7b4253d59b362f9ba258a1679e6d1052307ee5dbde4d89ea4e993471d3cb873dfc11dab36ae5ab07cc18021838b157f6df3e62d2904838f1879f7f25782b367cff620dffce637b55e6ab8b4e2790d6ebef966dec0377b3cbb8e5437687e98e7f208f1b0d7c4d219c198341330cb52ba08b5ab66cd9a243e083141c972880ab20796b22377efddbbf7e0c18302f1adb74ebf73e1dc966d9b8e1f3bb46fdb96038eaedf90f5a1478abe9865f6d011c793b61e4edab277d3a673278eedd9bd7de3e675b3e7cea06d1a376e2c555b36115ed750427c52f3f8e218c383f009b35fe910198912876f3972e410648209a3900791841482d9cadf7622154619c8ebb6c6c4a1f8a3c0ad133a3cb16022ece26daa76455122c21522022f5aac98c05179f2e491e32426a00c1b360c79f04d8ed3336bc940b372e54ad54ceeb3f5385c6a2cd621a81e9a3066cc986e6ddb54c89eb5ccf34fb7af5c36f9ada3c9678f2d9e35f1e4b1bdabd62e59b074ded82963df68d7b648b1a26fbdf576ca8f65a712ecdd8b29c9c585dc838b52c2a4a0c70cf5cb3ca9c2e5a38cf3a52f7da951a34671cf022c1e30f1bcd7c4d2590f66cb7d3190355f7df555408afe264d9a04c108771348a02e5dba10fd50a40ccd241a0179f6ec1942fdcc5b27ce9e3a7e74efee039b374fe8db3feb030f977b35f7b4be032fed3fb475f1d2834949c7f6ed59b974d19cb933faf4eb69f1c2850b47e8486f71e9c8df69c4dc5282f09e3dcc58a0c841224cce96714415fe1084cc40c9c237867e8ec68fc04aea32ba9e56b459360a753cb2d5de4330dd20f75286f19d950245a2c7a559be7cf9280b754c51ead5ab973cd5b3674f10e03ce2097de7aa60a041a7f83e9a575bb76eadb8d94328aa7b437af52cf6d4e3b5b2bd5429eb0b47562d4e3e7968cbea4507f624cd993b75ccf8111dde6c5fb36e1d3d58caf5cebf9b4230d47837e5c6ec887a4ebf3cfcf0c3f1ab47e40e4c53c48c59962c59dc79ccf4682902e79fbfffef1a5a9a23d8bb29ef83528b956af1ffff17e071476a8eb9b461fddadab56a3cffccd3ad9a356ddbea8d0eed3a0ee83778d9929507f61dbefbae7f346fdc64d6b4e9f3e7cdd9bd6bc7ca95cb972c5bba63cfeeb3e7dfd9b177e7bbc917766cd9b46ec9a235b36665be2353f1675ea89527ffc4f69d93f7ec5f397ec28135ab77ad5d3575dc8891c3fa376e54b756ad1a4f3df554d42e37f0cfab7f6e2614dc0c025c791b7157b6a18e62828122a3b1d1e8a359bc2ac42b8c32a015a5f678ff114c0bb928b52b869141825ab62c822fd2bcf551c247227cc4a8915367ce58b064f1a2654bc74f9cb0655bd2dbe74e9f7bfb74e17cb91eb93f5399d70b77eddcae55b3c63d7b769f3a7ddac953671e7bec31454c4dd383ad5ebd7ae6cc9938b66ddb3617b5b27a88b188aa785abc73eb560d5e2fdaa870be2a595fec5cb9dcdef9b3f62c9abd61de94a5b327f6efd3a576bdaae5ab95ef3db06fca5da6dc5cf28533172e5d48410a5b6c95c420db92254bf8a16ad5aa254a94a856ad1a75b370e1426cf7989e85df4c4b407c6db367da22186a9d1742c9e7d59978f19aec61e5cd0bc9ef1abc9b7cfacc597d145f1e3b7a70c19c990fdc75c7a377df55ad4489ba956af4ead87360efe1f3672edfbbfdf0af7ff2bb0ecd5a0feddd67f9fcb9ab572c5ebf71cdec25f3d7eddc7af4e2db3b0eef3d7ceaf09edddb164d9fdcae56f5e24f3fd3ba48b17a595ee95fb1e284264d0ecd9e7962c5e235e449ef4e8d6b966fdab046a992afc5373c522cd8c4b15088bb4d17266a158d6f7ce31b14a0da15afce90cd36de222a5c0651d3d43a4422419d75f9fc540b3e076999a311851b366d1c3072c8cc250b36ecdebe3269c3c69ddb3a76ed70ecd89ee4e4d3055f79bc549eccd58ae7e8d9ae61e35a959b376bd47ff090b72f26bf5ea294e2163f11123fdabb38f5372ef32d25af0c3a2afa793b292969eecc69ed9ad5af5fe6b54ad95eea51aef48ce68d0f8d1bb17dcce0aed54bd52e97bf71b3ca452b14ec3dbadfb9e44b38b673cbee94229642933464698e60e792cffb2f8560d22710e3bff3a904bb947ce6adb7cd3979e2c8a5736796cf99f1d05f6f2bf262e64665cab5ac51af6babce0d6bb698386a1636162f50fab9879f6c54adc6f2b9b3572f5bb070f1bc79cb176d3eb867eddeed3b8eee99317f7ab3c6752a16c93ba879e322f7ddd3a950fe064f3f39a8e46b53ebd6dc356af09c375bf76950b554f6673a37afdeb87685bc39b33ff7dc73578a0704fb7c5f727c229392f1a178f1e2441182c53f28fccb5ffe8251946174ff7f4cfd41725b814e6d7abaf7138c454193e90d62c2d2e5cb106cc2dc694b36acc3b1e51bd60e1b3968c19c891b964ca955227ba7bac50b3e97a957cb1aadeb576b50bb7abffe83d5dc2e6f76a3d9ca962d4b25aa5d8cfca6390d945f352d7ffefc93264ddabc79334a13f3f5eb571f3bb457eb8aa57a552c3db044b12ddd3a357ef189524f64caf3dcdded3bd6a9d6b442f926958fbd7b66e7fefde2e4e2a9947f5e94a62c8d563020a6642520a696afc84cb25a0ad61711f0ede40b6707b66d99e3a1fbc67468f3d06f7eddbd71b352798abdf87896b9d397ae5db96df6d4f9bffd9f5fdf77c7df6a552adfa34bbb2143078c1c3f7afeea95d316cdabddb46e89d245ca9728d0ad49ed37ab942ef4b75b27d7aa34b0689e09e58bf7cc9b7548b9c2cd7367ae9eeda9c7fef893d9237bf7ead8a24983ba0f3cf0001521aa08095bc047f79fbe4c0b74e38d376aeb834e0ad757bffa55058d7af45137abf3c122ec8af7252199c2621ca432c7961fd8b419d3070e1b3471fae419f3e6ed3f7a18dfe6cf9bd9bd7df30e0dabb4aa5c74d3f421459ebaab5abe17eb962a5a205bd65143476fdcb075efdefd2fbef8e29d77de99356b561d57efdebd478d1aa51fc3b7f6eddbe7ce9dbb68d1a27a360232e5d5f93b67264e19bd6cd1b40ab9b38e6dd1b86b9102a5efbcad78a63f957ffe815ccf65ea3fb04d8de695b216cdb6ebf8be13da878bc96f1d3e9b41b0ab19e79c4fbe78e132c1b4ada99dabff2ebd7bf1dd94deecfc85b397ce9d4a3e773af9d4d1ec77fdb54d89222b06f6695fb6e463bfbfe5a5071e7bf2fe27b2be945b4750be5c95562d5a6679e1b9c71fba2f6faeac55ab5528f45ae1aaf5eaf6193a64fa9c697bf726cd9f3afae0aa79cdf3676dfae2a3ad9ebd7f54d1ec0baa156f70df1feb3efc97d6b99fad97f3d9e2991fdcb460d284617d7a76ed2ce32298c08a08137f622b6e38ed9bda1b9460ee7fecd8b182f8aebbeefadad7bef6e0830f6a2f8b152b26941da5fa3c97ad6906cec2ab84c504c463c68ef283d5060ee8b778f1c28913279e397376dd9ab56b972eeed4ac41d9dc59a6f66c33b75fdb516fd47af057df7bf22f7f7ceebefb8ae529d2bc51cb366fb4ad58b1629932655e4ef987fe297f2db17af5eaf1a31e83070f56b8744a06f8b669d3a6a3c78f9c7cfb68dbb68d964c1e5d35fb8b6f14c895f7cfbfebf47abe4645b2d5af5470e8882ecd3a357ca5588e23ef9c4ac143c89c7e3783605733ceb99042b0d49f51482154ca7f2cf5edaba4fab6f07eebf0aee4774e76ae58ba58a6bf8fae55ede4f4c99b870d6cfe5ab167eeb8ab6c9112fd7a0f1a357652951ab597af5c3669f2d8e1c3fbcf9e3d79d7ce2d0306f4abdfb859775dd9ca25491b579cd997947c66df03dfbea17fb1ac83f33c3528fb43d35fcfdaeac13f747ff5d1190dcbb52a946554bb86db964c9b3765f4b041fd0b172e7ce8d0a1c4fbb17887965e2c7241d0c6c036da27954a971fafb353e6a59aee2bc5dda9ef489c7825cd1c7d3fc1c68d19dbb77bf7833b768e1f39faec89334776ef5bbf78f1c8ee5dcabdfad2e2a1bd568ee839a6559d46457216cffc74ce279e1c3f60f8c0eefd1b376c3261c2042270d0a0413ab1e3c78f4f9f3ebd64c992a3478f8e2fdfead4a9d3b973676d9822b676fd9a8327f74d98326c68ef4e13ba776c51346fbbd70b362b9cab5eb19cbd3b371e37b15f8b2e4d1a7668a2073b78f458caab31cf9a41b0ab9beecb7f012a43ad0bc9ef2a6be7b0eaeda36220f9dcd115a306dc79d31786952b35a57aa5d51d5b2dedd2b64ff54a391f7a7068cfde1b376eee3764c8b009e3376edbbcfbc0cec54be6e0d8b6ad1b0f1ed8b763dbeead5b76ce9e3b6bcba6d5a7f66c5a34b47bd65fff9fe9358af47be58109059eec9bf9af03b2dc3bab6ac1b1d58a56c97cffd659e38e24addab97155b346f5e56937261c29432626e256d3856145700c31f0072b627fc2ec94328236f1852fe3f9542aa5fc06385c8a9d41d1f898cabe8bb3a64dedd1bec3a593a7470f187274cfc10b27ce6e5bbd76d6b0a1350be5ed5baf6a9f3a157ad528d3b76ee5ecf7661adaa1d3f6951be64d99d3a259cbad5b09c5bd0a94aab531f5cf85f1eabad4bf12b67efdfaae5dbbaa6f4949497ab353674e6edcb5e9c899fd9d5a379a32b8f78125732abcfc74f5bc59723ef98fe1033ace9a37b640c9dc1bf66e7cebdd77f61f3e2274ce9d4c73bf082ccd112c781516ec3a977cf1ede4f347df397a21f9ec968d4b932f1c7fe1d6ff79ed8e5b469628b2b04eb5b5ad1b4fad57b55bd9d7eb14cabf69d9325d7293766fcc5db37cd39e2d7b8eedddbe6bd3f8f1c3972d9afff6c9d3d2dbee1dfb77eedad3a777f75eed9ae77fecee827fffe5a46a85a796ced6f7f93b3a3ef49bfe59ef1d5b3a47f547fe5af9c5470fad5a7c74c7e6f9b3a6177fad68bcfb165e8462045984637ab1c4ddba7fd941ed62b1c7c778a3cd12259a71beb3a26405a36c312a0e19841f562e5dd2a965abe4d36f0deade7bebda4d174f9f3bbdfff0b87efd6a162bd8b556a5d16d1a352d9a7b488b7a2fffe38ea513279dd8736048df2123868d44b09d3b77eaa8d5aec58b176fd9b225e592c9c9dbb66d9b3b776ece9c3915b499336722e1f8291316ac59b4fbe8aef5eb97766dd364c9c4518b460fcef6c83f1ecff4a751c37bf41ffc66a5bae575e4074f1d0d89f8d6898c1eeca32c8558a9865dfe3b9f4c175e3c9b7cfe74f29943a7769f3eb173cac02e0ffce8e64e795e1e982fc7b2bad5a7562ed139cfcb8d726629f7ca4b2be7cd59b66269950675c62f98b1f5e8ee8d7b361e7febf0ead58b470e1d3477faccf327de39b8e7f0b69dfb52fec5d7d001859e7db85bb9029df33edbfcd13f7778e2f6ce4ffea5fd537fed98edb16cbffd61b7eae50e6d58b36cc18272e52ac43f7ec131b76490c8f1e9c5e2f50c3e240a5170069d128449f02df684392584659c98605ae29041d286f5ed9a3679e7f8899e1dbbac58b42c25be2f25f76cd7ae52a17c3d1ad72ef6dcc335f3bfd2b454e197efbf7bcffa75b3264e99307a7c9f5e7d55aa5dbb765961c3860d38367bf6ec1d3b766017e2a95a1d3b767cf5d557f3e7cf6ffcd6f9b38bd62e1d3669c4aebd5b268e1db262f6e48d8b66e77df1c9a71fbc73e4f0de25cb16dcb62fe9d8b9e317922f9d39fb560ab5dc6006c13ed28816f0a7b0ebe28573ef5e7c2bf9fce173c78f5e3876fac291772f1cb9fbb73fcc7bf7ade36b945dd9a4deae8eadc7952b52ffe9071ae6ce5a21e72be3860c9a3c63cab049e35af7eeb27edf96ed87b76fdbb379ddba659bd6ae1ad2bbdf92598b17ce5b3e6eeaecda8d9bae5fbde29547ee9bd0be59bd971f69f7caa3830abf54ea8f3f2cf6c71f65fdc5774b3df9c0b47ebdd62d599a3b57febe0386a631bcd29a5d7a2d7fde5d9b377668d75e6375f4d8a99327de9a33637ac5d75febd0b8d68f6ffc8fc31b1797caf542aee79f18d6aff7d4c95366cd9e5bb56a75b2507fb57dfbf6cd9b37ebb5e24740162c58a007d398f5eedd3b4b962c0d1b366cdab4e9dcf973761fddbb7acb9a311347ad5ab568f98259447bdf37dbbd94f9b1ca954b6eddb1e182f275e260ea0bb1e433a7523996c62c2d122cbeba313877fe9d73172fbc937ce9e4c533e792cf918813c60cc8f6d8dd155e787441dbc6c9eb571ee8d3b5e5f38fbe76d7ad7572befcc23d774e9b386ee7febdb3562ee9357ae8f8f953e7ae9cbf68e99c891347eedcb269fdb29597cebe7be4f0692d0825447e3cf7f0fd9ba64fe850ba50cfd2059b657de2851f7fb3e6738fd4cafa7cbb4ae5964e9dd6a34bcf2fdff89d636fa52097611f6e97ead6ac367af8107c183769eaeec3c74e9e7d67e3e64d35aa579e347a60bd2a2592df3ed8a456b93bfefcebfefd7a6e48dabcebc081befdfb2d59b264d1a245c43c7619a86064aa360ceeea24e2952f5fbe5ab56a13264c68d4a4f19a4deb0e1c3fb06bcff6ed3b368f1b3b2269e39a250be73cf3e42303faf73a76f2d0c56479f7f8854b17c1f4f6db294535ad599a23d8c5772f9c3b7ff9a7c279fc9d0be7a99677922f9ce5c04ba71bd6af5c2cc7f3cd4b16bcb46a61f2feddadb33e9fefd65f14f8c7edfd1ad77ef2eebfbfd1aa45a75e3d2bd6addd63f890cd7bb7efd8bf3d69dbba41837a2d5d3067eaf8f1a78f9d79fbdc254bafdcb265eacc59f97266efd3ba45ef867527b66f55fac98706d5adb16c70fff9830795cc9973dcd05177dffd50ef2163537e72316e25c33ed82e6ddeb4b656edaa35ead46eddf9cd753b76d19a074e9e68dda1cdf0e1fdc78ce87b74ffa6668daafdf2973facd3b0568fc1fdcb56afd6ba6d9b3163c660d7ba75eb468f1e3d63c68cfefdfb279a432beedebdbb78f1e24d9a34895720bdfbf6993567e6e1c307a9d4f113462f5db670fcb851f9f2e6dcb96bab3def265f3a7bee2d8998d849fd2227cd59da22584a1eba78ee1d9d57ea87b74f9fb9f04eca38c57dc9173a776d9f27cf2bd5ca14a5efb74f1ddfab4c894277dcd6a34ae91a79b20c7fb37dd5d225e7ce5b3079f6bca2e52acc5db972c1ca252bd72d3f7870e7e205330feddf3571ec98d5abd6efdc7b60f8c40963a64d1d3a7244b9b2a56b942bd3b141bd72b9738cecd0fec0f2159be6ccab52ecb572455f7fe985ac77def3102a6ede7d20836057b54ba74f1dcd99eb953a0dead76dde62f996ad87ce5d90bf9ab76fd3ad67e7891387eedab1a663fbc6f90bbd3a72c288e59bd7d76bd17ce6dc3968a3ddd286252525e900c7a5fe2a0e7bf46323468c183b766cddba75bb74e9d2b56bd79d3b771e3d7c64d58a95c3870e5bb162190ae1dbd8f1e3b266cd1a57f7dfbbef5e94852311fb2fad712ccd11ecccf9b3e7537e384a0b969cf2eaef9d942272ecc8d1556b5657ae5aa956ed6ad52b9519d4a5fdf1f5abc6b469b17850ef79c3fa34ab5aba5db3869d3a74dcb9efd0ee23a72bd6aabf6eeb8ec3c78f1d3cb0e7e4b1838be7cdd8b3734bfffe7d3b7479b34bcf9ef396cedb7b64cfd1e387460c1f5cae64f1a27973972b526cdfe62dabe72f9e3e6642e15cf9efcb74ef1f6fbd7dc2d419074f9ec1b1349814d3925dba74feadfe7dbad7ac5d6be0c8d18bd66edc72e8e8eaaddbbbf5efd7aa5d8ba5cbe724bf7b6af8f0de356a57983c6bd282b5cb1ab569b96445ca3f6ddcb1630729b876ed5a856bdebc791d3a7440adf85d60ea18d158b26449adf8febdfb922f249f3e747cdfcebddbb76e3b79eacc9c050b4b952b3f74d808d7967c2f9ebf00a14b972e48ca17922f513a1904bb9af1d5e9f3a7df0982a95a27df4e5187a7dedeb466c31b2d5b77ead4a965cbe679f3e468d7bcc9d9fdbb4e6fdbb468ec88360daab76e5ab76993062d5ab7eb3378f4e4394bcb56ab3f76d28c2d5bb61d3f7ce0f4e10373674cdabd6bebd6ed5b9276ee3c7df19d8bc964e7b133670f0f1cd8b3628532cf3ef9c4dc1973766dddbd61f5c6d123c68f1a31f617fff39b37bb764fd1a5972eea0033087655bb94f2c36def9ed7356dd8b27dc1ca759bf61c5ab27e73f91ad5eb37a9b764d9ec93c7772358edba95c64d1d3b71ceb40ebdbab5edd821fe91e5e1c387972d5b865d070e1cc0b43d7bf6a056bcaa75b455ab566bd6ac397af050f25b178f6cdd7374cfc123fb0fefd9bb7fd7be83058abcb663e7de0be793cf9e79fbe2db2904731be7539a88f3b27306c1ae660876eae299b3c9e70c92df7927f9f4f9e4f3c9a7f61e9b3371e69ae56b172d58dcb255eb1ebdba8f1d3362e592053bd7af6e50bdd2538fdd5bb55a85a2af17cf51a070c192953af51edab86597ba759bf7eada73e99cb95bd7ad46b00deb576dd999b464fd6a7c3d7464dba993db172f9c943dfbb3eddab6cc9af5e5d9b3e71e3c747cefdea3c3868d1b337652e326cd8074e9dd778e1e3bb077df8e9418cab00fb3772f9d39bc2ff9e2f96e9dbbac5bbf79f2ac456bb7ee193b6df6732f655db878c1922573664c1959af4e858a155f2f5eba58dbae1ddfecdbab7cc50a042159b860c18255ab56cd9d3bf7c48913f3e7cf57d62e5cb8103fef3b71e2c4eeddbb67cf9e7dd19c79170e9d4a3e9b7c70cbde092327f4eed53f6f81a21b366f57adce9e7927e52f07a4fc14c2858b17cfab60a72fbd75ea4206c1ae6a78f5d6c5b7de7ef76df5eb92ee2be51771251fdeb16ff4a0e1db366d5fbd724ddb761da6e8a0860e9e3777e6f6a48df972bd9afdd597c74c1c3d74f4e846adda54aed378e088492bd76c19380003576cddb061c38a65cb16ce4ddab261ebae2d13664e3b7ef6f881834933a60e4bdab4f4f5d7f357a8583a4b9697a64c9dbef7c0d17d078fadddb065d5ba8d4d9bb540aa93a78e6afd52ffcb20d8552cb5829d7ffbd8a1c37d7a0f68d3b1dbfaadbb09f529297fe56b66e74e6d7b76ebd0b451cd091346bcf872e6412386acdab0ae6dfb7673e6cc59be7c3952ad5bb76ef1e2c50a973dc4e1a64d9bb46193274fd68f1d3c7850112bf95af193bb0e1eddb267db9a4d1d5a77fcd94f7fb970e90a14f25fca1f9a4a69c192cf9d4df96337e72ebd835d672f4acd69cbae19c1ceffffbf90d1c0c778dbfe89ecc2250d6bca8ff35ca2108f1ee3cb017dfaae5cbe62fbd61d43860ce9dbb76f9b366de081630b17cc2b53ba648306f5d072e8f061b5ebd4ab51a7febcf98b9b346d3968d090b5abd71c3f7a6ccfee9ddbb76d99356bc6d1e347c64d183f7fe1bcd973a69f3c71d875f2e4cd51a142b9279e7802ccfb0f1c5ab376fdbcf90b4f9c3cddaf5fbfd42f58dd432a801f6232ee955fdd3a25bea5b5331e3c1c62a72d8b99d79f9d3c91f24f1c0eecdbdfa347af66cd5b8e9f3069c9d2e5e3c64fac59b32668de3e7b66d2c4b123470e7fe185cc63c7db3da169d3a62b56ac88f71c3b77ee1c3f7ebc5e6bc68c1928075fb2d09af69391c6cf3df36cab66cdc78d1855b16cb9e2c55edfb42929c2ebb2e3836a570cfff9290dd9b5af60a895a0d9a7b008c70853516b4fddba75c909e2a14993267adf091326488fa3468dd225ebcaca9429f3f6db6f531a3972e4d02bd31ecd9b373767cb962df15376bb77ef96172da58786eba143878c376fdefcfaebaf5bb950a142f17b91f4038eeab98993785f7cf5ece00e833c069ed718e59c185fe65c9ef46f609c1fcf4be921cfef7ef7bb3beeb88363a9070ee419cd55debc79cb952b07b5fefdfbab4b9a2e3bb168d7ae5da8650510c41f003879f224a001473dd6ab57af4489120f3cf0c0debd7b532f9562478f1e4dfc6c57bab06b4cb0200633b8bceb135a90ca0af1333e1852a54a1545e6f4e9d3d9b2659b32650a5ef5e9d30748a6356edcb87af5eae6a86c0f3ef8a0eda2458b7af6ec896070b208d4cd1c3b76aca5d6af5f8f75f63033df78e30dc550a28525a4d14fdb0dcb468d1a9960715449b9a18f6d71cf89e4628072f114b1e73ab62b532a3fe04078cf9663b364c952a14205be55a39a356b7624f5cf9761912dbc4e9d3a05d31d3b76c87a0ec980a8483a32f9b4489122b16c18975e1ea513bb66048b749eaa8c2e9b8f9f22b682600c00c6b366cdead8b123d7f7e8d1a35dbb76208150a434c92f57ae5c6030ae55ab56e9d2a56bd4a8316fdebc5ebd7ab56edd7adbb66d26ab48260f1a3408672813658a1441b3ca952b2b6b0a609d3a750cac4f9098bc74e9d2fcf9f31b581337ae92262c98005b78c5237b5e3bdd763c7e988fe92e2c3ebe451e897f64801e2c51ff993145d0b973e7ecd9b3531980a03264349221d0e17c458976001ce74373e2c489722203937297274f1eabf96829a7447818a45c3b3dd8b5ecc1de43271fedbcfce1635b78106c929f15c0337cf870c0d4af5f5f9e43b6952b575a968b151f8c8a8baa729ae3a79e7aaa6bd7ae64bdd23473e6ccd5ab572b4de4c7e0c1830d162e5c08451c234e5e7df5551a06631540e50ee416b7dfb59e7cf2493935b88163a937f5d1e686ddb920106a4e7f4ff5fba4c5307d593c758c411308062e5c4111485e7842404e9b366df4e8d19c8c48fc4f530c1830807058bb76adbeda512848acd487fc8554d29f26d952b088c52355252e97f6eddaf760ff4b030f3fb2a81e6ddbb6edd7af5fa54a9594323488df4f885d284431c2cf4712510553a0104c9f062da70c1d3a14e59426258bb04c4a4a422d5233c80336005ba476edda88e75cec2257dab76f2fd7e21583eb552a8fdb1358e2c0f6f2ae54751403473d888f576aa7ebd2d0200651ca62ecd971c01e6cc999332711618b6920c02e1283fa80850c483422951edb210e0f6de25c2742cd4c6d58acc6a5a222d6fff889ef73b76b49b070315f30834f175b4e6491ffacd0a54b17416f4b30142c58f0d8b163684639fcf9cf7f263962dad6ad5b5bb4683166cc98d75e7bcd64b58bf6b39514e542c8c9a001a76419d8dc7ffffd76922ecd9b3737c718df943efab365cb9696052a4bb9a10f3147f107e4aa13d20a88c8086e3e26384a02d13f893dd7ab45058be4c275a9d929c5c981ce33cf3cc3b7f7de7b6ffc210e490d73a84169918cd7a1c98008a60733599adbb3678fb405d3f865c0f9f2e58b5f16120bf2b3413a5204d792601c4d5b730d33b832b57f7c834d7893a954f15e1e18f5ead59b3a752a76118d7ff8c31f2846133010e5d043a1a31ecd19316244fc9387ddbb77ab5a08e01463281ab825721f3cf0a64ffaf4e9e34473c848480f1b364c0124542ceb1eae7effae8b394201cf9d55b468d152a54ab92bc5533d4c3c02ee7d3a3fa417e387f767d2d8136e2c5fbefcecd9b31f78e001ed1641a88e8103e59c2869a21305612013c14bdad2c58106887a01298f983721a1686c2dfbef423079cb365e0928fa65ca94f9eb5ffffa9bdffce6c73ffef17ffdd77ff169c3860d79c7518927f299530c12b5fefd16ab05427cad7d02cfc081037bf4e801032d56fefcf9b54957fec347fd157d6f8e10d7228f4bfd2dcd84a2fd2e4481c04f4183a52266be9b212fbb75eb86b10d1a34809943aee2c422458a981cb7cae236c099d8234fc78b7e63ccffe94f7ffa1ffff11f1ed623c7eff7f4f1273ff989a85218cd89629e7aeabf97c12e06f14b75a80fec5291e2affbca89fc231341c7cef9f3e7f32abc408c57321dc5018850896485754090e01572c620eddb27269887bc3262a26afde94f7ffae217bff895af7c45a8fdfce73f8f5f7afe83d43fd129e0e8efd00cb16557d2e3fdc6cbcc80aff548f3e6cdc3049587c050be1e7ae821a9ce520996ca8824a2a3152b56840da69188ce55004d53b84811282a5370453c0053f61d3a74d074e9ee50da84288055ab568d7b8b7c1988ba50e81fe5285a0e4ae69e7bee41a49b6fbe19b57efffbdf7be4f89def1ef997bffca5a796685c2b1e39c8f66f653ce6d965a2dcb97373fb830f3ea8dd5291a806698ec6e14c88f03c140ce840a66726f5cd811719c99cf2f2cb2f631a946365f9f17a7e8b28f2845dfce6644ca3ac2298e46f5ba126ce98c1af7ffd6b3bfff8c73fde78e38d3ffbd9cf445b9cfe91d10695884b554bd06388f248544881b972e59a3061424cbb527a81e4cd37dfcc9a352b7148bbeba3644d10ba167d0f1b8069c6e0ea3666cd9a653e12222da6a12b5cf14d0ba705b79a9bc4702112340b76310bda4aba1a034ffdad6f7debb7bffded6db7dde649bffffdef4b2ef17b733dbb5ce391bff18d6fb8284e4625fcb7b2487f1e9cab399ce8508be8082a9a08e779cee4494663e318a6295918858793274f464229125ef64b9ab7de7aab05152e75cc9a094191f6ed13132c92c7debd7bd14cdc7fe94b5ffaddef7e8748828c49e1dff9ce7728a51ffde8474a9920137377dd75d72f7ef10b11c92f11b25771d095c9a971e3c62422efc3002a356ad450d0e2901a620ba42832a6d11efae956ad5a192b68e693190ca3142504b308d6a1937a4849121ea81b7f2918c1804aeedb6f35d48d121a96a8d831285cb8b06751a6fe9c6a1ed3337a52bcbae5965b94b2ef7ef7bbf1ab7339416438e5cad5fe4d4c52c304ac9082e5be02050ad4ac5953836a4c41208fb2864ef8634c2b82c04c630931a589dfba154cc80994fbeebb4fc282940513c92ebdd82726988714d3784259dd74d34d12b61812618c58126dea18ca89b32058fc310bd3c4e21d77dc114ebfbcd6075910866142e7ce9d45fce8d1a391c4b668d1a29aa5a068942f6c54ee680679b17dfbf6254b96ac52a58ab1ba2711e218723a171b0129ffc9977dfbf66ddebc3906162f5e1ca95c22be319365efbdf75e2d38365a30ae62f113274e04a86ecc47254e7dfee637bf29654828c6ea98672792fff6b7bf21983d1c6282c7473964d39ac66aff56a6f98c4e49fd8188cc58b66cd9ba75ebea96a346a11352e92f6813649383468c18018e42850abdf0c20b2fbef862962c59eebefb6efa102edc2b8aac4646a62e9f6eec13138c452227aee49520121d187f98238a98208bbf91a321c137f1a72533e023ee4e50e8034d10db8ac876eddae9a6a64f9f4e7f03a367cf9eaa9043098590e874710018641b6cb4d4941ea6e19b028ba584871e1a311a366c88e1a54b977efdf5d7cdcc9e3dbb9b993d7b361ee2986bdd7ffffd58e70630ca2518a5fa1e26abc61e4a81f2448a9867240e65164fe7233a6117870808d9872b22bfc47dfe7b1a1c1f7df4d1ead5abe7c891a35ab56ad091e0c0414d2853f1cd98acf7ca2baf3cf5d453a6c54bac471e7904c7f8f9873ffca1ae9bd8fedad7be7679c5ff5fe6a471fb3415cc564df0c0ba0e61f4f0c30f8b302c126452388e19a8575827fe3050901988bc3fa4fe05fb58e7c32cba2fb98d3e9c346912cdc0c68e1dabd98d09510da2090cb32753a64c2e21fa1f7bec31f90fd9a44c654a16d09865ce9cd94ef8b92b65b07cf9f2d8f5f4d34febf15c8874945065d6c71f7f5c2f6e4104432779241e96a196adee4e3fe9e9304706f1684885691815c9c53da85a9e974836472557caecf42cb1cebf8f451a959e2a56acf89ffff99f9217f4b95d45c222c94e2acc99332716a1df3ffef10fd162a0c4c1eb81071eb8fdf6db29433b1531f2c747798a7ab4e695d0a77dfbc4048befdad501bd16974930f1b7a7041cf208b5a860a2cad8562e8ffa260999c64df440bc8bff3013dffaa86885d51fa98e7808e516f5e460ea2faf5661a84d403297d007ba1f3c17e279f3e66dd9b2a5b0960b098c279e78e2ce3befc42e03b89291cf3efbec5ffffa57a452e23400ea180113289291111c7109e3440f66354f4d0a7a16d48a2acd8cb12e8a397327218971cfcc7fdb2216e9295bb66c5c44484b402a12f2a8601d3b7694e06ebbed36d9594e14189cafc43568d000cd942c33a54b18f16a68ef9b6fbe599e4dc8f5d42ba403fb08e01329dc83c5531d397244914118cc114c028bfb84357619d823da6c4313721307e11bede4a38c2ee00a172e6c9d9082a752ff8cb781a24f30e87a7149e1ead2a58ba6c87e866983060d7251744a156effef973933f9cc4711ec7e5c05d3dc008eb91ff8c97f64a18fd015f1f7dc73cff3cf3f4f8dc8a366ba961e0075d158caf050d6710f96f5bc6e29da45639750eb1c55873d8567b1a047c3310f1b0fee8a2e6da78f1ed96a066abb04444b4b19f166329242eabdff3f8be74a8c4d70c52b9d6fa78f09aaa717830e99833cbc0105ee926eb80816f8a346497f60e23a3091184a9c9a06b5f0308c708c0927da012dad998ebe04631f4ab02832123c5ce3f534131c3eea85849a9092a76dc59004a37af020dff105e350bd0a01e9902a27f238110fe5218e134089176ba267dfbe7d8b162d5ab870e1ead5ab4512fda9e9423c71bf6ddb36fa0d1362f27bcc3a9ae9b81f38c19270c53457773903850bc95dd17dbabdbffffdef32a83a66278b3f39eb23dad88f0f5ffce217478d1a7579f57f5a944d7a32f4a127c531b172a525d8656b9d60978fcc8007e8528b60488224c1618923912f3cbb9d31e6e7e0983d6e20dd518b81581405344205b5220d7120ce8006a970cf474e038d6af6dc73cf91090e018b93114cf932963ae5a9dcb9735bf6fde9292ddbd52a98ec6e4b8f0962f2ccd647db5ebd7a795a49da930b62e12bc244922d276217499d274f1efd4f9122453854788966fbf9311a363a5305135e114f1b366c3870e00030f6ecd9c37dc13773203461c28421438698633e136a1194f6b0a830ae85c9907003e43ec0c474a02817da0f5d8700064e84c725fac45155c5fd6809f4d9948c3bbce1861b9a346922b2e361ad2fb9b80d81ae8b73ff1122b6891a15ec6206cc7ecffbfdef7f9f2b7c444857b7758a0565dfc85c08834ed637f8408219b8688c998f1e3f3133ed1b1cb94ee78c60b060e113ae1033ca173388b0e15870d8a3a0091e9039845d0c3939395ed58a9c4876e9c80f572318354817d1c4c2b150a1424290b212cd02d4938bd708a688333986fb84efe38f3f5eb060c13265cabcf6da6b520e9af1acdccf4122587fa2c8c4b758e229ea8f8f73e7ce9d3a75eafcf9f3c5df983163344228ad3beaddbbf7ae5dbbe27e22a91bd846edb2358dec740f509111b1dd85c04984f8082da951224000810e3654b71f9c342101e39e29d2f8a31e458b16150d4e84220e07c7c2c4b72705b60b19880960c783630ef368bc61a788712d7bcc71331ce22c97a3122faf956aee1c612e7f4865326fc4d8d3619de8b433c1b77467c104e5287eb4852b7886c4e028700497b89a0f39cd0463e830ee4a95177fb14798399193f91c52d089d7f4d703c1e219aa55ab9625d570265a9752a54a091a0f2f88b98c77b84c5ac22211a6c9c1ab2a55aa142850e099679e413621ae8b6508c06b3cabaa6867ad99376fdeba75eb62972e4bb56cd1a285b3183eb76cd992248b7fd53f6fdebc010306506eea8c996b52ff78f6ecd9b37152e97be38d37e83a18804d8102893b11e28071873ee2151423ff897bb14e81e039f1a9fb2a5bb6ecc8912315495a71f1e2c5ee5f11436fcf1ecd6194918d1b374217fc9612313ce08aef317e60787525df0c448f7b704bcb972fc72bab059d8ca364459ab85204da1fd785828c13343321a236bd18adf1e52f7f192e72b12da7e109cff30914a4692111d0700eb0a2d49b064787024d3e04a5d39d0be82953a6249c932eec43091658366cd830de6b172b564cf7893c0826ce14019124aa3c3cf77119d7d873fffdf79bdca04103854bf92a5cb870c992255533a71b2b1a4e2f57aedcabafbe8abab972e55ab66c990a86333367ce542dd52e3436d3fcaa55ab66cd9a355fbe7cb6763a05f11035789b295326d77ae9a5973267ce8cab32a5a3a1e055da68b4ec79f6d967b5ce74a03d0f3df4906aacb1c6408b23b0eb56a85041525cb56a55ce9c398b172f1e4729db1a356ad08a952b576eddba75dfbe7d1b356af4852f7c4182f08c6a75e463cc1119b69e5d2838aa5a2612302f090b4123748c0596db90a7f8d043f1924b57ac5831f597c334905c640ad6b66d5b9da1ba2d8304e512ef5a54541921059b74621e87b8906eb045621527c8834ea8c2332105a521fe34873f2396f88af730302a980926db23c608c5c68d1b8737d28b7d28c1226b2a2c11a3d8226485a9a755e8859107e63e718366d20c5f7090ba8f5a75ead4114642df2951c134300a1756a004df09b5104e8a891367cd9a9594943471e244b18e21aee2a2e88730a8656029418939cf3fffbc158c5d457d13afd8e572786b8c21f88c15caa0a3c6416963879c622cacf3e7cf8fc98aa10e4179dcb469934a8854988cd85a32a77b5e93555a378f7b58ad70b95b78d32a91503c2fc31f81e2892420f399ca4c515bc489ee397bf6ec06eec1b3b873ae8874e0a3538c3d2669c03c1df3441679e4914768d7a86f81084b47995bcd87ecadb7de2a3640ef718cd10cc7780fa3823fbcfa9def7c275501fc8c4bed94a4a27c996fb20c857b5867fcf5af7f1d46aafaf550c124cb2ba18d170c9153255d3453dc3d369e08b2e8be6426f1a75060972897a4c5288e7df39bdf0c91c041c879f3cd37c7eb9350a1c64d9b361d976a2e8106026bd8b061e20cf13466f663024a4c983061c48811eac9a04183faf4e96371306023a23ef8e0839020f050116c10558ba26a097d5b06636c898a4710f6ebd76fc1820556b6eddfbfbffde4a2da689a3e135d853e7e62266ee083fb07bc671107093de3b978c085006fa6a746212c75a2ba6d8f6a1c0519ab31cd25ec745441c67f5751c40cd0db98393d5e550bbbc18307f38fc2a58809a9741455cccd13d5940e2fe115cf4bafb22ddd110163abf87ffbdbdfe6529413399c895db07316a68928065c474d762816b478a25f4dfb76b5971c1f685841c3d0d6d41113675cc353b61c614f04a29893f5058afd321087da8f81c67c87a8091fa1b17668e9d2a5f3e7cf8f1ff45cb162c5c2850bd7ad5b27b0624e4c16615157135f34ffe77ffe67a43db7013964b6c53a75404108fc442aedfea52f7de9ab5ffdaa34292fd86f71d2342eea5a48aeebc373810e45249f316386c6cf9e4e9d3ae903c5bd6c123286d13994a4879289914d6513404aabcaa370a116aab8014455ca14b4208fda8566f886e1162453d5490adc1e471d325fadc33d1c23872411de96dab8cb206d4a23fc8f44099a78bb1ba8e186d4031dea4e7af250321d6880a5741bf09ef2451f4ab8d1b59aa96a3127a2931469ccbd8492a337dd7413cff3b37e35e5c2e9c43e31c11859250a3db35ac13551dc512bba32118c54b6cc1ca4e226858b834cb093e3621d71c3591137067a30412faaac1fefb219d84cb34dbca4368e53149640315e158a6f610a3c1f8d85359263855b5239495997c643ec8293c2a54ec68f71a88d43870e6dd5aa95741069927a4cbd78ca1dc6e5f0d04359cd9332bc8da7b3b807b727ee44ba3576159790507c144942242515df720bdaa8b4224c46d70d0ab8184bed6aaf43762a9be431d1485b6ac32411f7103793962dd81559c0963f6fb8e10615c9d3a18d2ddfca381e90a9e194028770208edd78e38d1145f2328fa951129653e44afee14fd3f83610d4ba4718a417fbc40403f9e1c387b983e36cf14730610e1fd9c68047286f87a4797e94a244a1c896f885efc0810349416e820a0b7fd9da79ecd8b1c4775ccc51c44bbccef6d136803c72e488a5043d4a601424d407945340442a2cd522622f1072332e1dd49214004fcbd5ae5d7becd8b1b4628f1e3d5ab4680139050ad85ff8c217125f8227cc23bb1c82c1d88251bbc238c14e7b3cac7c6c110f6ea70777399736768a5b8d65ddffa953a776eedcb97efdfa13274e68ff94d3356bd6ac5cb952455db46811324b318b172f8e078fa7665c91f8c63f4d59288b6828e2bb0df55924e0093ae1890a060e3ad940474d15030b9da41ed3280b01234222d1488b5462642bce34d0d87326078240cb70e5d72769df3e31c1420054aa548986e10281258084af813813c4c297e398142e970b3b59dc7e1e8ca656a5b242bca50c93a4afecf758ec0965686b0c455b161344a11a458cc5bb0128925875ead4c113b91fcda0a81aa01f20dd216c900154ce62ee5fe7d3ba75eb0e1d3ac4efd5615a47e95301b1bed05745138447696902f00823263c8b87b56c240e5be3a0312e39e4d9b1d11e6e51c0dd86046ca9c423204fbc1294f2998f71148b04100b5e451a3260e624c669c720e5fe0d6cdd9efb1721fc4ffaa2138e797cba0ee5804503eb9c61a49813328e8a10d0e09864649a098e366ad4a849932670619d3b77eed8b163ad5ab5a8124a247e20e1cae049e3f68909166975d5aa55fc22e044ad30925d8260824fc03183a863b608865afa251f958e8812f1f49e7041a4c8eec2cbe0ca9e5e9c4568c2cf47f750b3664d697eefdebd5bb66c993871a212842a9a43db1a356ad4ab57af7cf9f299336756dc10cc4dba3a5ef5eedd7bfbf6edaa1f8b7fc9b269d3260564c9922523478e9c3973a620c03a970e6ebb2e8b8b5a4d1ef5989e8805c13ca9c860063ef283f2856652afd0310dd3947a1f755c1671c39ece20619ce05aae72f9f31566a7f00d3f18f349ec4f53c63971871e246263f2e4c9e0c004c55953ddb3674fb8346edc58fa53c46431d0a86384068229507a07999a9a1054bb77efe61f3d365052fed1e5d6adab57af8e97bd58a7a115035c01bed48ba703fb343d58f8b46cd9b23826aaa46a6124988c533453aa6af251b46114df19878036dfe9521d371958e4caac6c9c78abf18116408a392ece9225cb881123d4198444154838640c185d5cddba7555248a31be0f2014e5d1eeddbbaf5dbbd6ccfda97f9f0ab5c00f548d5ffcb60f448d1313f84505b3756f0e7df9cb5f461ef50acd52d3488a45f90a6a29d73e329443306905bb3cbe07efdbb7af07b79465314a185933681c666c4294eec8d03e26267834ceb9727e9a32cf92b85bda7bc89021142f7420c5cf067bf6ec2189795845ead4a953f5ead59f7aea29b94f8ee622058af6330134a26bc78e1db366cda29675c8b2de80010314314a9ece54bef827cdfae1fdf66908166f203842622614e91f03252bd8c54458a4707211f7bef39def20a120e35f01040c7e8fa50cf84bf4580d42f60841eb8bbff8c8cc3721c66126972e5d7afaf4e95a23b188274a9039aa13dda5d541b95dbb76c97c948699050b16240e31479adcb66d9b43a6190055ca54c7106fd8b061ad5ab5ead5ab97f88866c9bd5dd98ccd9e3d5baef5689ecbc3da62918f9e1785a48f3094f3ec06928ba30e7de31bdfc0cca83fee3682c3d359ffc38a9254126e49382131486b16f9d1dd7a1cb7cdd419454c936927c2003d58e161652e4c830e67f276bc6e050dd13165ca1428a8f09eda84499326a95acad7c68d1be7ce9d0b147be84c748d24955eec13138ca76cf991d778046dc4100a092c611781157251e4d9696c8f69a4171783212031485d2fc5622722312bdb636bec5ab631478419476a9720290de0d121f080963bb15f754218fb253fd732069543fdfbf7d76db749fd7dda3e6a021118d26aa064e92ccc943ecb952b87725044bf445db5be9b71753b318a4ad45e12bd41b0786a5bad9743f2086f04c1143463cfae8e6914df93748360973ffcd35c28619777a59a991ec72dbdff94cfdd68018f266f1a1b880a04d3212398c2658b391e16289c6c326fdb2973f1bfd42609c6b717d2252ec9981e13cdb00b227c2e1bc257dd1b33660c4ec6af3c4a4445dab74f53c138c836722af7c9d0f11593381358c8c67c147f82ef9bdffce6cd37df4c5f710a18383d758d4f6c622b62d4227adfe6cd9b038921e1f2e5cbe9078700a694418ee45bb66c197880640f54eeb9e79eae5dbb06f0680948cc99316306bca5553b1d7ae38d37060d1aa4597256e272f04edcf3c08103650a44421b5c52a0f02a98f640ea4f9fd03ca196f9c1537308697ac30d37b89958e1fa33fe87085f45064412424ef7c5c34a0d594b0ddafa08086c211dcde176e898a62ee5ce9dbb4081024b972e059fee8b3c8188c487639042b6356bd6f4ebd7af5ab56a68a655967daee7971c2c022ec11615bc52a54a220fcda4ed788b989046993265e2a9d4f32e9bd865973f7c6c8b141e83060d1ad0f13003125fe3898f0e01438d0221d5ae198b1ca9c51a376edc134f3cd1ae5d3b62525983a23b670a1dc921e902de58f3a61d6fd6ac9950b05a6490282612b0a2e706befbddef7a347d1df2e8bbb0e8eb5fffba6ca2a691cacc7e1c3341db29bfe8ca70cf3d5be4bab4d4727bf92587c75cbc7831e127436117aac85cd41dfae10c0f8343b4e8afec8f1f0195a0b18b6a58b870a13d0095f840033b61e3ac9021a3478fd65193f19075a180265dd8272618afd97a42de8cd4e5234788daa14387f29420fbf39ffffce28b2fea79123f3fce2971a22427520d3ea9392baee5bac58b17772de9cd45dd8302d5ad5b37038b531af8d6bd7b77828461ceb469d300e3c6d012c64818b454fda452d9d1189cfa69fa50cfe65c2c7521cf984804c81c636550e2c02234f39864309ae9221e7cf0419905a3d4b71ffce0075a53d47248ded1ec8513ae6f0b8855246a45da52b53850aa6adbb62dd7f928f1a9e4921d38242ccef7d1fc0a152ae4c89103eb08487e96ef400c23540ca661a371c848fe77a1cb974c0ff6890916d55974c647d193a8d79e3c1191c6223e7c611baf2ecc649f2e9d276869b55cb972c97ca8826062171fc68e1d1bbd2fcc74d83464887e49d1d19e3d7b366cd8b054a952081628ba374901452913634b49bad241fcee3e4cb394c41c995270a45cf89f4f9d376fde2f7de94bb87447ea2f23082ea15cbced2089110cd99435ecc27ca7b856ea02d7b3c105c14838cd3605881b8006932e8b7b0506aaa0d3e0c183718ce7915052433689581b3631f5cf82818659cae9443bd0310dc190b364ea1f3725432e5f2f9dd8a79188c25a1d37109a210f0410a770a21a221cf925f633216eeb689cc2a2947d5273adcba3e4e4784f0545770236249129c90f87900a5460704b0e6ddebc99f6e8d8b1e390214372e6cc2911921c7882e726b825288a03116035d52cfe198ba21799c245e5857816f593992c0e1e7ae8217a983ed47d451d8b77f45ffbdad788c31ffde8478e625a8b162df0dfb5526efafa356ee122d0738e4ca7640534b8113051e6318dee90bf56af5ecde102838c97fbcc79fae9a7870f1f0e2fa770afbc264864c3908b9095fe1a356a041a7db2a522f1a50bfb3404f3d882c64372d9e55dffec55c212e37084808e146e7f9c987af093d995d7d2eff6eddb57fec316d48a1783d43f56b8d0a851a324451755c4b4d16a9a82367bf66caa15964a2ece38aae2897ecac4e38016de16ac5cb972870e1d4c8bcb45be888b86cc8b42ea72e88a5137de78a32276ebad29bf0987fdf8c73fc62b2da8daa59d3353cc5ddffa90cfa52198f29534ca9f24a2e60aaff0471f852a4444242cb58b0257a31425eadd041f6d3367ce8c78bc8a5d50730a2328a01904a327e1d2bc79f3f84310bc9a7af174609fb2071367c2d4c096530ca2a9e5e22b99e6e39531caad7196f4167b3ebe59cad66a0c7fead5ab477ef0bb8e0b67a0a252419a8d1831025a28244dc2c67eb2c416c10892c4f79eee0adb9d0e6f6023983965cb96a570e81cd712131116a2c743a19c357d0c2dcae4e3871f7ef8dba97f5125eca69b6ea21871cf2d85a3825d090f5c97c63f61bc8415f40568700cd9541e4eb6051004293df58d37d00f9de4be418306111db973e7c634474166265e0930858e9e172ad2a8c96ddab441b0faf5eb639718b87ced346f9f98601131f190b611466234f5e0651a88454e14c7c23df6382ba233c631f844e672c2ddb25caf7c152f5e1c5be29b7e0c5785c0136567f4e8d1b4becb010673d42e1fa994ac59b33a51be0c80adc3a84188623e4a48b7afbffe3a82f5efdfdf3a8934e919458f07112b9120f05328c4d1c8c76205578955e162b2736dc339d7bde115e784f371e9b9e79e93d1083cf58a6700c1e1e4b70157376dda94c7243e0ce4701d1a8f713b9521c181cc1ce6144845a1a31be1a58ba6fc6bd4a8817e71ad74619f46227e2e86aeb6a2d640827ce6996768301c13d33010ca3013e5e6487b625de603b671b76edda06bdaf3cf3fdf27f5dfc2c8b240c52873ac003cd3ec1110254a94d038a9909117a28265d8550c229747a91821864456a14205187135dfda890f91b320d5b56b579ec71ccee770552e9439d90fbe00d13432014c73e6cc412733710fc1884fb8c7b5d28ba51b82a97b708aaa820cbffef5af6bd5aa4533285c32a2ec68a746d951094f11b313c1500bb472a16d81020580640eb2e9cde00a7e18dbc295449c3a756ac992259b34692253caca9198532f9e611f6a514c221349733e6aa88a162d4a08cc9f3f5fa9272e98d4867b4094bc0881f83960523c443e6814b1b163c76aa7118c3804991a680538120b1a6c0b2a5f2fbcf0423a2a5f2cdd108c812751587efef39f172952444a430fb81215b07ce38d37245470a293c499949424894e9e3c59fe034f9d3a752a55aa142f3c183ae11889026c8d999c0aced2a54b5b5310b80a2049dcd42b67d8875a64a208fa688df2e4c9f3ecb3cf962a550a5bd0031caa10d18836e0038d3d7a2a1251b72c09ca684c6ae3768a3dbe899e3e7dbaf265a07c499d4b962ce9d5ab9742a7bf4d5fc23b3d112c50241e20aa2d96cca8444d918c88605054d0f0c434adb38fa4086ab1debd7b0f1d3ab463c78e80d42b23953a668ffe6dc890219006a10a06c572e5cac59b7a178a562af5ca19f6a1068b8490c61f637efefbdfffae8811ded04127904967a3468d92f53859d57288111a20a858b1a2a38d530d8b264c980020ca82c8d43c2b5fd21fd13170e0c0f2e5cbe361b4c1e9c5d213c1a27c5183429fbab8fdf6dbe3df80f0b84c29b1f5ebd78fde304722240e65503a442ec419fca1fe4d50e54891f887cc32284455300453094d06368e41d722a9af24332ad8471850029718d3815c7df7dd77537db21e5024291cc310ae36203494260e87cec48913290b7452a9e4cab66ddb76ead409a980cbb4c788673572d1e93d7bf6d4da216106c13e2b3b7dc5cf58e9833365ca14eea6226ce913ea020c8e8244be24f97009af6ad6ac69a7432a1b44ed54d66815106ab7504b4e9526a5cc2a55aa9428518298097d183533c3ae62bc14048b5216d11fbf364b8e0399a37865ccffe61c38708076e07f604970d9b265b302110117e874efdedd210031621e82c4a473d53dea43a294520996d42ba70f4b370483931e2cf105082f93223a63d8c02cca1a5eb56ad5ca34f203afc0d3b97367eca2439c225fc6bfdb0312d8f4cd2654af5e1d7e08e65c7cab56ad5ab162c544894532cad7c731052ad210f2d8865cd4faea90d51f458c27118c4c8088fa76e8d0214c2334f4c65ae2060d1a98afd0496d84833a66e6a2458b942c8c4242850e40f61087ba686b261469bab07443b00877bc0a38c3cb850a15421b158c21982a04158a1fdf888d152b56f858a64c19339d052770d21e48a83dd30fd0f756983d7b36c5a26af5e9d307df4486f9622283601fc7100c16f12d65ec09a151b76e5dae96b960813f49494914a02c061d958a1aa7186fbbedb638053a7a36dd57cb962dcd848ea459bb766de04aa080333f47ea5f0f53cae294f462e9866030086d902862525d2887952b57c203ae069486f2b57bf76e04dbb973e7934f3e09ad988f81952b57261d612f2f0a08a6e91a33660ca12f65b668d142962d58b0a099e64bbd7162865dc514aeb0f02798c294235850ddaa1612a20ddf6ac074cbca948f9442efdebdad105fd9376ad448e70c82c1830787ce74d458115bb66c99c205e8ecd9b3033dd1f2a50b4b4f3d58100c7880545ef85ac90ae1ae824171fdfaf5921c82e1ccf0e1c3497c15c9fe78b10b5de244d305699d3416295306e48753400ece7efdfa21a1f5cd4f3039c3ae6297e9f53e82c96ba441f9f2e5653d42510ac3375c92fb40e0d02bafbc72e4c81105cd224848aed7ab570f70a61117a021ecd5ae2d5bb6380b4c00cd9d3bb7fd81667ab1f44730865d84873e6ad7ae5d2a4fbe7cf9060c18000cb25ee14236fd314888c339a97f371dc76c15348ac54ec42357ecb1205ccd8f3725242514dbb46993728d541337974719f6e116046357724cd9c11fd0e878b564d3a74f97fbe444dd9744c6c968e6dc2098f948a5a38eb750f8e6238a62176102ee850b175ab054a9522643cdb5522e9c1e2c3d118ca3e1c7b906fc2e17527a108a5f72a88e55a850217e6e43f2035581020580114acf29a405ebd8b1a34c096c10dabf7cf972b5cb9874a13309482ba45e2dc5007f7994611f65a914bbcc31a616f17cf3e6cd8b172f2eeb75e8d081704092214386c87d2a1b878714078d2dbd8078e5ca956bdab42964e3d588060cbe26488e12283d12178a8c992e2cdd100c66e80112db887bac20f1e32b2cd5cc1e794eda439259b3664984f1134f707228b0b455fa104f1be6447b4c30592504a13a262c860e1dea5a0e31d78a41867d1c4b61d83f39a670f1272648611842e62d5ebc18bba80c3a9cff2f9f936ae1701c93fb72e5caa5d02962760285ec07f4a14387b403e817d027b44cdab7744330b1cee35188c2cbd8326cd830e2de98c7d51f045bb060815286330d1b3624ffa27c25ba29ecb2c5221c035baca33753f45054b2c45841606581e250461bf6492d38c69429f54abfa4bf25bf1525d08c1d3b76e2c489047ce7ce9d4dbef23552028b279e7842c6c42840e3e792254b8c6540f8162d5ad44ea044ba4c17969e2422d8408266a1100cc68f1fbf7af56a72115b00691c28da2f17c232908822e6742706a8993367d6213851a6f4914a042afa8173e0c081204c779932ed582abfde9d3b77aebe2bdcab94ad5cb952f2621478b76edddab76f0f9afdfbf79b19592c411b8d96448954c07294d060848945aa55ab06b2d89f72a5f460e98c60f106299a601c802205427e0485b02bdeeaeaa4ebd4a943cddb29e7412ec06331c89d3b37f8b501c66036906241b871e346043327ce8a6533ec931aa47875e9d2a5b258880ed02c5ab40873e8436d70a3468d7c9422832a68630b5c163f330591844ed16983d81ea54f1a8dfde9c5d213c13ed06444adb00100c874454c9a241d116c40aa8150ce8bb4079b68a9274c9850bf7e7dc02b68ca973d242214e990962d5b5ac41e4703f8301f632008222c32ec2ac6d554a20e8ae7031a5548fa1b376e5ce3c68dfbf4e9436298c6e1319f296254baedabafbe1a9e57c7e438152ca6c11a390d8018af1f190ec7206d5aba271808094218c86d7cad10cd9c3913c714312ca2f565caa044e83dc0835ceecc962d1be0b14b8e74ae1355c528623972e458b3668d69e6c76403dbc89d9896be92e8e7627842756b83f5b73a2ba2033a083668d0201a5e71ebd1a387714ce6762ee5d830fdf3c89123e53efb81e2f4d0f3b679f2e4a13013fec7b4803574662095a62cdd138c75ead48902a14950051e8b172f062a30e6cd9b275faa48b0015b1026814dddba75d5b71d3b7640083fa558405a64e7ce9d0e152f5edc1cac8b9c1aa724c89641b08f34be92d4f0040adceba334271b4e9d3a9540b047bb4b4470bbc9e817fac2185294a4764bc5e37c00410121e1025cdc2b5cb8f08a152b522f92a2266ca36530087992a6ec7a2058b366cdf4d0478f1ee55f8a62c3860da405b6004f21a2e901661a22b15077f0001895023f06a183070f62e69c3973543f0483bd6e01e4486b0b7567615a826c1976750b4775efde1d1c3c4c238046d6f391e71537e8a01fc29816c4e067a9d0897c2e2daa7ecee2794c038d4e4cdb3c74e8d03265cad4a85163d7ae5d89ab5836081630a5294bf704931a5bb46811a5064fa018af74b76cd9021efa5087163f9c6142e448a844e6a32df50998698f69c421954f6122188015319191728d2bfea50c8ac620c33ed278b575ebd6b000847cc787b6f1b53ec7aa42d0d18f510dc113b9cfa1c8800e511fc122f9d17cb96fc488115d52ff2c41cd9a3513f292011d45d1f2f2e7b464e99e6048d5ae5d3bc829415188900d8ae82447928e8a5baf5ebd0892486f60302dced5832953a15e4817a13066cc984893458b16d5bf615a7c751684bc7290611f6991fb643a3ed450a101da1087f4c5e6cd9ba1a32553a6ba76ed6a72421fa69e9a92c8d437e70294b094fb34d524fde0c183c1ad0d6bd4a851c84ba23d0aa0cba59e9ab62cdd134cc46302c0200142442242e24b2d34830d60080c78c4fc44aa030c1435dc20473933491192b24f9f3e6fbcf146efdebda944f975d4a8517162745f41b034d84ca7350b27d30e7a304ec31f5568f6ecd98a9201800c80251b962d5b96ff512bc1ae70ef840913e4c7bd7bf72a807081265ed9d9aa55ab264d9aa863300a6a251466cac969ccd23dc138570a5cb76e5dbc7192e1a449a58902213cd08676a731aa56ad6a4240087b3a04a826e8b82451cc9c38712220e10d36aca3462a56aca87f23f7e342716e102c244d865dc54254c74f5d731768a4393a1c523421e71b2b416a5483060d962e5d6a72fc0c40781840b366cd1a3e7c38829115a62950929d058943e9922a81a9eecbe4846e4f83b8a47b82712e00a43ace458fc993272f5fbe3c904324d202c7243fa974d9b265925ce0c7224d3ab769d3a6268f1e3d5a667514b550148aa448bd7af56069715709f8c3122d59865dc59064d8b0616a0e4de8234148ae7375942f8ac318587dfbf6d5fa820f5b64317e0e68280b6db073e3dfd4a26890ad6ddbb64ec12e18a9666626308db299a62cdd130c1eaa10f2d08400400634c3ab508ca845313290a01024ae9413b63a2eed16052259caac8e92313ec6bf0dab56ad5a287ec80578817d4605fb488ba09f3973e6b871e3d42b2949c9c228188186aba5339a1cd3f0a74e9d3a26f32a4e0205cdf8d9e4975e7a8912193f7ebcf9721c882550124329730a310f20f313b92f5e90a4294bf704830a14a54680418eac072d6c80b167cf1e10463f2d8f121589ec180db1739d78d75d775961e8d0a1d109e0a4dc293bda59b972652ab14c99328817e05d59c732ec2a762cf5272d6801094b695288e43ea06054b4559c0cb278d35ba24489382b91f8a433f03dfcf0c303060c40304933883467ce1c1f41a376c52f653970e00074d4b75821ad59ba2718bfab42c0430c5e4624284a78e021456c916de7ce9d721eb912a76051e4573483dc0f7ef003c54adf25473a0430f3070e1c8896da83962d5b2a71e22308664e94b20cbbba7194ad7ca70451042a18978286b82028b89d9f436be8cd142258f07042ecc983c64f3ffd74ad5ab5a64d9b06cad8a99d9e976aca17f52ef769a125cae0731ab4744f30866074884a05240527be7456bb64cac3a97f670061de78e30dd8044924bc04c1c8c89ffef4a70d1b369c316386b31c424ea7a860c8498d54a952451db37824570c8cea97615737ae9689d4ab499326d175f674efde1ddfe4416ce164658d8775c8e0834e783541b02862f9f3e7cf9933270a91973c6f4d206a079c62d9dab56ba31fa4102cf81c18a529bb1e08865184842d48b44c6a110851428e8c37bc3ae9f2e5cba359c080452031b075ca134f3c51a850213510d84408664ab1f1250c4152ba74e99a356baa66c00b7e6610ec635a38b943870e9c69102a1d3470412d1211d958fffefd15b7d4332ebfe03588244841dc7befbd68a988c54b6030ad5ebd7acc98310a63f3e6cd95bef8d70f572aff3465d703c1f44e4acdd4a953213a78f0601e9f32658a5427ed2d5dba54691a3e7cb82ac4fb0c4fe0e42c401a0346222445a4494911c152df896c9074f506a2a1468d1a458a1489f76080b4759508820cbb8a856f0d3a77ee8c603092bfa4bf7823c5b768c3e708c3c30e25ce0a92c008c1b45bbff8c52f4049c323a443c6929d8639fae43c79f2cc9d3b3791fbd260877c3d108c21186a45138c60d48824377af4e811234668bd24d1f8cb880c3d02f8a099b1ea77cf3df7e8c5fbf6ed2b71ae4dfd7b993ee2dbc18307f560e807429313d8c7c70cbb8a858b9044e1d2006bb7c845b8b468d102583022f3608439d9b36737132e9ccf503175819415b0e8dbdffe364c319312b19a86cd4e588366e6cc990f3ffc30616272a09941b06b6f9c4e3cb46ddb16250842c507612439cd58d3a64df5c1b6b973e74e34602cc406b6805351b2cd94291361097b2bac4bfdbb6f3449284611404046ed62217b3208f631edd8b163a4fbac59b3942c5e6dd5aa1559a1e668badab76faf76bdf8e28bf3e6cdd3095f3ee17d56b870e11e3d7a487308b663c70edb8d1b370e1932c42996cd9a35abce3966063469cdae870ac6b3f83071e244bc22ea2027cf61110034c1cf3fff3c11782584a74f9f4618044333036cc14039b553a74e5a02f0cbb58425ae5a44db50a64c9948902c504c7cccb00fb344b8ebb8a43f550813080a0463f4a1dc57a1420504bb0abb589b366d243e1a8498c4aeb071e3c69d3871c29a897f9ac9d266d6bb1e08c6b3870f1feed3a78ff657b38427c4033c283d18142f5e5c71538b54aa44031d85cb38e2409fa0632611a55bba451d730abad2210e356edc3854a5d3835a1904fb484bb888ebca952b474170388050450a231300a431261aafded0eaa24b972eddb3674fcd1b3481b27cf9722ba88d30222ea0ef12b148c094a62cdd138c4fe3dd201581515024ee19c9477b4c4dfda395f1258943d14401e33d0493145f7bedb5fefdfb8353471ee0590d5d2d4b259ac3024b838462ccb0ab185f05cd9a3469a26ac971fbf7efd780a963c4c5e4c993cb972f3f7ffe7c13ae527cb4003972e40081f9cc0a305ab162058cc896aa55ab9ae32a814b1a4c7ce99e601812042324483b1f951d725192a3d489131824fc0ead18d813d40aaa205bae5cb9687d7120535a500da4f5e9907af5ea592af5a4ffc7ab3837c3ae6e6883545c8d4e2a18ade823f5ae04a1d9a449939e7efa699ea7c323d97d98152850400553f12843d06017030da276e9d2c50497880a9641b06b6f0981814e8407007879c2840918327cf870421f2a8e06b5009c3af7727275ae6d24bfead5ab77ecd8d10ada71d3d44065ede4c993644cbca7628938c820d8475a389c6f6525148245b8914a8ce4d5b46953b23c72567c0bf28106a056ad5a4994c4a145cc870b6d02e837df7c53ab6c4ea2006610ecda5bf8145500804b421f0de26b16322f5fbe7c14450200f098198cb2d34c63bad196de68dfbe3df0b461da6edad20a478e1cd1002478150a935d3de366180b59ce8242c8a04fe6b7ddbb77630527972953465d72e8eaac90ec54bc060d1a1087f1d3a46bd7ae95409da53746da2b93dd55a4e6e765e99e60a402b772370bc1801eb422f030246fdebc478f1e8d2a17bcb2353306b2ac43a74f9f960e9da582019ee115a1a83dd8b76fdfebafbf6e7258a2006610ec232dde0d822608d0a953274c53a9387fd4a851b29edcc7c33eeeddbb3700fa40030da4e80b8cedd0a1836288604a9943763a9a788b681a8b71dab1744f302a2e0826e8e34fc5320c41b0d1a34723988ff0038ced55801407ad5bb7deb2658bba8757b266e7ce9d05c480010302421113f80994c8ca19761503ca95114f0df22a98ece1e1c18307972a556ac78e1d4441c017d3de6f0159bf7efdb47000953ae3abce6ddbb6c12b8e268a582203a61d4bf7044b181a54a8508102c10a28927c3d7af42857ae1cef83307ab3cb533fc4faf4e9b36cd932fa1ecdc8188a118a4a59c096784162c18f5c2ac3188f05c1e4be3163c6f0248ec162d5aa557dfbf6050dce9890a0c7556cd0a04194c5b061c3e2353d68f472f07208c7122b24347cdab1eb816081a2aad2bf7f7f058df9283bb66cd99276e77487e0fa91400a02bc72e29e3d7bc68f1f2fe9c697d74e87e2950d585c31c3ae62e1708e62bc97949424e5f1a1dc4413f6eeddbb7cf9f291b3aece8aa8510b172ec4abc58b17ebc424c1dab56b438a3964c11445f1cfb7c129e7a425bb4e5e7230882283a468ccd10a5a8b162deaa6fe999c987375824168e6cc997224d4294c046bd7ae9d1aa8f4458e0c0899c503f50cbb8a257c1e025bed8aafbcec9101870c1952a244897069c2b11f6860b52525a64f9f4e594067ddba75f5ebd71f3972e4e6d4bf596541d70293f1d597fa5c2cdd132ce1538970e7ce9d43870e85818e4bcbd4bd7bf7f805bd5170cc4cb0f1fd668ecebb5bb76ee03f78f0a074ab17efd5ab571c45aa409aa54114d3a671292c001122a24b972e6a17bdcdc3d8922f5f3e89ecea592fccb95bb76e95ef56ac58015963e25017172ff7ad009a20d855f0fdbc2cdd138c731908c109b0810307c2cf80f731e4e5975f8e436642e22a1202427a839e3d7b1a30129f14c1b738ea1251b56cad9651c13e8ec95321ff8245356bd654824ea4fe353d0d558e1c39e6cc991313ae625c8d36478f1e6ddbb62d9d694cc03b71c48811503601fd20626b2698e2acb463e99e60c063282159ca708861005a627df2e4c94f3df5149e44cd31274ef9409368d7af5f3f7cf8f020a1d3d5c30e1d3a5c4927eb0484c1d80cbb8a711197264a0a44ba76ed7a38f5eff4eedebd9bbacb9b37af2e373c791562240e0d183040f93270fa860d1b264d9a04231fad108b5ca932d28ea57b8225decc92e675ead4b1a54324396912c19e7cf2c9418306499348122f3fae623b76ec18376e9c201016b2a3f8d083593ff063281a119306814c6b168e9292b8d1a05ab56a53a64cc1ae5dfffcc5a3458a142954a850cc8cc95737588015163a6db96fd6ac59b63e42360092583fce3aff624b3704939fa25dc693a8450a17872280c4d6b973e7ca952bcf9b374f7a53c4e890e5cb97cb792d5ab42853a60c0002e63831c1136b3247ad8957b06fd8b021d84c9e3871e2a2458be20b4d97605106c33e52d8fcfb589477de830e44c2cf095e71ece2c58b73e6cc495cd08734820129ae07d347152d5a54dfebac40364cf24ae42feb300081ac71e3c64e943d172e5c387af4e8a953a7528c70899969d6d25905e350dc084a5cde959c9c274f9ed75e7b6deddab50b162c983f7f3eb02181603eca9a8a926c1720c112604e8168029bf8177b0262fbf6ed18859ca6451cf4eddbd7a110f7a8684e84422c9261614a47fc60142ff19e0174227949582fbcf0024f02c21625cc848be43526d5e217d3c382cfcd0f96a62cfacfb71706f166b84a952afb52ff440b91a2859b397326ba26263b17c4b6f131ed587a2218e706900931a046fdea57bf6ad2a449745f20a43d94202244099226d534940333a822a746671c261a0212d8d80a0204831fa60545fbf5eb07cba87b0cafa27625bab20c93ce6cc321dc285b8533d5994c9932d5aa556becd8b16bd6ac51a9b66ddb46dd6ddcb871d4a8513366cc20e0e5c472e5ca998c27099706672c12037805e8d5ab57373fd8656059450c3490756e826969cdd25f0fc6a1d8850ccf3ffffce38f3fdebd7b7758b2254b96009b0e912089757db0348978808cafb32e9f9f5abef08a05722cdae51a356ad4ab574f4e8d5ff88c9f23478e4454970bf86d639061575ad473db83070f1a707edebc7923f18d1f3f5e9d619b376f56be243e63d060089b3b776ef3e6cd7143058bc4c7bdb267caa2ffb420f09021432a56acd8ad5bb7fefdfb831ea6a0317651a7088934ab29d20dc1000009d6b3674ff855a85041df25994d9a34098b14ae65cb9691827224991e054df99a33670e89186f872d222f46e94b48440b06b42667c992452fdeb265cb0e1d3a004f351b3870a0151c75168aaa81016424e90c63829b0f632cc7952c5952c7455aa381aa4505c005a9a8c1d9b367cb833ec20840b0b3d3842841e15b022134050359a8778ccd962d9b2ea069d3a6d25fefdebdf10dacf1f79a9913a103d334d81ba71b8285afbb74e952bc7871a11fc8897e0358d28aca1445477e486fd3a64d933b21cae813270200491023b22cf311b47188aa7cfdf5d773e5cad5a953274b41518858b07efdfad12448abd127a49e9a16bfd0fcbc2c11d3ca7eb162c5de78e30d959f2c0f8d0db5c18307b768d18233070d1a84815847da9188a02131e2dcf798358f1f3f1eb9cc0a529e36bb76eddaa0c1ae468d1a590a2ea54b978ef9e030194001689ab2f42411a1d2a64d1b591078f8438e2386ca4369c497faf106824105916ca34c852504219e40c2e4d08d7a8322458a3cf7dc73952b57161fbd7af5721503ec826bf6ecd9e11d053061817d86b12018ffb76bd70e01142b3a02283485f4f7e69b6ff2330284f03399e7a1165f5446579cb0485b269085a111f8b96ddbb6ca1765d1aa552b2c850ba661ace6ed81071e08c4d372be4b4f049b397366bcb408f911ef0ce90787b8387c0d1e448a4c168c223900498404498254099353f1ea89279e2850a040e3c68d0b162ca899ae54a992ec48933cf3cc330f3ef8a0e0706eb4dd912c330896306ee11c2d96ae15a3204257dbaa4e764a70095f05c7383051f4028b93274f5ed977592dfaaeddbb77972a558ae07cf5d557d5c6f2e5cbd39fc0c23409317ffefcb7dc728b1c9a5830a12fd294a52782f120e57020d50c3e9d43811178005e40048ba0f5f2cb2f93f8850a157ae595579e7cf2496d9e9d2fbef822684355064b0d82bd1996b06b820bb249910aa0b1cca843ab58b162e87604c334b85013c62fbdf41282dd7befbdb56ad5322d51ebc09a0639969e0826be6544098f1944b87f524b90a45bb76e58f4fcf3cf479a54b8eebbefbea2458bde7ffffd3972e478e185173265ca846f51215d4ef4a42e90120a016a86855d135c12326fdfbe7da44a8d1a35f2e5cb97356b56fab06ad5aa4051bb7c94f5e4c4db6fbf1d76244c9c9210f089172469c7d213c1c204f7ff26be45800459b76e5df80149bbdcac59337d33f951a54a15fbfbf4e9a35f972f4994cbe7a4ca9b84d4b1420c32ec4afb5fe212a61feedab5ab34a776356cd850c7e523820128b6a3468d2a53a60c391a5cb295f812bddc955f72a6114b7f04fb5f9a2088bf1bb06ad5aa366ddae8163a77eeac8726368007390992f620752231ebc5afec1098ea9706a5487a375e8dd66b46ea1fad97e666cd9ad5be7dfb76edda4d9e3cb979f3e649494992a06c18af851949a96606aba3378efd69cad20dc1f8f13ddac3c74f9132e3cdc7ce9d3bc78e1dbb70e1c28d1b3712810803d4152b56ac5dbbd651791178204730e368bae2635c340d66cacfcbae152e61f1fa77d2a449cb962d5bbd7af5860d1ba063a7343765ca946886910a283b76ec48a439195003f69edb4823966e08264509f1803320f43121dc3fbec973f1be91194428c88eb18781ca9c000f96b1332e1af760903693e5e762d70a17165e752e53cdace6a3fe2a5e4a31a48a6b259a2e26ebc504f3237ba6294b37040bf0de6381c127b2c026f81388c6cf49b1f8322d400af9612059ba50cae15403f0e55186a5dab5c2252ca401cf5b011c41360bc22b1a2d8db18f313391fe98f9665efe90962c9df56009383f35846178029eb7fef9ef560c581cc2a8d8023524a28fae4887c4e4ffe5a5af4bfbdfe3921005e164db04220e59d6f63d14f2511e840ba4d26ce2fbb77bc9916119f6afb40c826558867d869641b00ccbb0cfd03208966119f6195a06c1322cc33e43cb20588665d867681904cbb00cfbcc2c39f9ff02e8f349be2ac699420000000049454e44ae426082
\.


--
-- Data for Name: planodetreino; Type: TABLE DATA; Schema: public; Owner: postgres
--

COPY public.planodetreino (id, exercicioid, series, repeticoes, nome_exercicio, idcliente, iddotreino) FROM stdin;
30	6	1	4	biceps	10	1
31	5	1	4	teste	10	1
32	5	1	4	teste	10	1
33	6	1	4	biceps	10	1
34	6	1	4	biceps	10	1
35	5	1	4	teste	10	1
\.


--
-- Data for Name: usuarios; Type: TABLE DATA; Schema: public; Owner: postgres
--

COPY public.usuarios (id, nomeusuario, senha, nivelacesso) FROM stdin;
3	Angelo 343		Avaliador
6	angelo		Gerente (geral)
7	angelo	A6XNQHBZ4VX2HUGL4LXWZ5U2I8IZILRFNHP5ENFIRVQ=	Avaliador
1	gerente	A6XNQHBZ4VX2HUGL4LXWZ5U2I8IZILRFNHP5ENFIRVQ=	Gerente (geral)
5	avaliador	A6XNQHBZ4VX2HUGL4LXWZ5U2I8IZILRFNHP5ENFIRVQ=	Gerente (geral)
\.


--
-- Name: agendamento_id_seq; Type: SEQUENCE SET; Schema: public; Owner: postgres
--

SELECT pg_catalog.setval('public.agendamento_id_seq', 8, true);


--
-- Name: avaliacoesfisicas_id_seq; Type: SEQUENCE SET; Schema: public; Owner: postgres
--

SELECT pg_catalog.setval('public.avaliacoesfisicas_id_seq', 38, true);


--
-- Name: clientes_id_seq; Type: SEQUENCE SET; Schema: public; Owner: postgres
--

SELECT pg_catalog.setval('public.clientes_id_seq', 18, true);


--
-- Name: exercicio_id_seq; Type: SEQUENCE SET; Schema: public; Owner: postgres
--

SELECT pg_catalog.setval('public.exercicio_id_seq', 6, true);


--
-- Name: planodetreino_id_seq; Type: SEQUENCE SET; Schema: public; Owner: postgres
--

SELECT pg_catalog.setval('public.planodetreino_id_seq', 35, true);


--
-- Name: usuarios_id_seq; Type: SEQUENCE SET; Schema: public; Owner: postgres
--

SELECT pg_catalog.setval('public.usuarios_id_seq', 7, true);


--
-- Name: agendamento agendamento_pkey; Type: CONSTRAINT; Schema: public; Owner: postgres
--

ALTER TABLE ONLY public.agendamento
    ADD CONSTRAINT agendamento_pkey PRIMARY KEY (id);


--
-- Name: avaliacoesfisicas avaliacoesfisicas_pkey; Type: CONSTRAINT; Schema: public; Owner: postgres
--

ALTER TABLE ONLY public.avaliacoesfisicas
    ADD CONSTRAINT avaliacoesfisicas_pkey PRIMARY KEY (id);


--
-- Name: clientes clientes_pkey; Type: CONSTRAINT; Schema: public; Owner: postgres
--

ALTER TABLE ONLY public.clientes
    ADD CONSTRAINT clientes_pkey PRIMARY KEY (id);


--
-- Name: exercicio exercicio_pkey; Type: CONSTRAINT; Schema: public; Owner: postgres
--

ALTER TABLE ONLY public.exercicio
    ADD CONSTRAINT exercicio_pkey PRIMARY KEY (id);


--
-- Name: planodetreino planodetreino_pkey; Type: CONSTRAINT; Schema: public; Owner: postgres
--

ALTER TABLE ONLY public.planodetreino
    ADD CONSTRAINT planodetreino_pkey PRIMARY KEY (id);


--
-- Name: usuarios usuarios_pkey; Type: CONSTRAINT; Schema: public; Owner: postgres
--

ALTER TABLE ONLY public.usuarios
    ADD CONSTRAINT usuarios_pkey PRIMARY KEY (id);


--
-- Name: agendamento agendamento_idcliente_fkey; Type: FK CONSTRAINT; Schema: public; Owner: postgres
--

ALTER TABLE ONLY public.agendamento
    ADD CONSTRAINT agendamento_idcliente_fkey FOREIGN KEY (idcliente) REFERENCES public.clientes(id);


--
-- Name: avaliacoesfisicas avaliacoesfisicas_idcliente_fkey; Type: FK CONSTRAINT; Schema: public; Owner: postgres
--

ALTER TABLE ONLY public.avaliacoesfisicas
    ADD CONSTRAINT avaliacoesfisicas_idcliente_fkey FOREIGN KEY (idcliente) REFERENCES public.clientes(id);


--
-- Name: planodetreino fk_cliente; Type: FK CONSTRAINT; Schema: public; Owner: postgres
--

ALTER TABLE ONLY public.planodetreino
    ADD CONSTRAINT fk_cliente FOREIGN KEY (idcliente) REFERENCES public.clientes(id);


--
-- Name: planodetreino planodetreino_exercicioid_fkey; Type: FK CONSTRAINT; Schema: public; Owner: postgres
--

ALTER TABLE ONLY public.planodetreino
    ADD CONSTRAINT planodetreino_exercicioid_fkey FOREIGN KEY (exercicioid) REFERENCES public.exercicio(id);


--
-- PostgreSQL database dump complete
--

